下載路徑,程式名稱,LIB位置,SRCFILE,檔案名稱,
Z:\東鋼SRC\10.10.10.216\東鋼list,MIP011P,THSRC,U01CLSRC,MIP011P_U01,已下載
Z:\東鋼SRC\10.10.10.216\東鋼list,MIP011P,THSRC,H05CLSRC,MIP011P_H05,已下載
Z:\東鋼SRC\10.10.10.216\東鋼list,MIP011P,THSRC,K02CLSRC,MIP011P_K02,已下載
Z:\東鋼SRC\10.10.10.216\東鋼list,ACP902P,THSRC,U01CLSRC,ACP902P_U01,已下載
Z:\東鋼SRC\10.10.10.216\東鋼list,ACP902P,THSRC,H05CLSRC,ACP902P_H05,已下載
Z:\東鋼SRC\10.10.10.216\東鋼list,ACP902P,THSRC,K02CLSRC,ACP902P_K02,已下載
Z:\東鋼SRC\10.10.10.216\東鋼list,APP001P,THSRC,K02CLSRC,APP001P_K02,已下載
Z:\東鋼SRC\10.10.10.216\東鋼list,APP009P,THSRC,U01CLSRC,APP009P_U01,已下載
Z:\東鋼SRC\10.10.10.216\東鋼list,APP009P,THSRC,H05CLSRC,APP009P_H05,已下載
Z:\東鋼SRC\10.10.10.216\東鋼list,MIP602P,THSRC,U01CLSRC,MIP602P_U01,已下載
Z:\東鋼SRC\10.10.10.216\東鋼list,MEE208P,THSRC,U01CLSRC,MEE208P_U01,已下載
Z:\東鋼SRC\10.10.10.216\東鋼list,MEE208P,THSRC,H05CLSRC,MEE208P_H05,已下載
Z:\東鋼SRC\10.10.10.216\東鋼list,MEE208PM,THSRC,H05CLSRC,MEE208PM_H05,已下載
Z:\東鋼SRC\10.10.10.216\東鋼list,ARE018R,THSRC,H05RPGSRC,ARE018R_H05,已下載
Z:\東鋼SRC\10.10.10.216\東鋼list,ARE026P,THSRC,P02CLSRC,ARE026P_P02,已下載
Z:\東鋼SRC\10.10.10.216\東鋼list,ARE006P,THSRC,U01CLSRC,ARE006P_U01,已下載
Z:\東鋼SRC\10.10.10.216\東鋼list,ARE008P,THSRC,U01CLSRC,ARE008P_U01,已下載
Z:\東鋼SRC\10.10.10.216\東鋼list,ARR039P,THSRC,U01CLSRC,ARR039P_U01,已下載
Z:\東鋼SRC\10.10.10.216\東鋼list,ARR039PH,THSRC,K02CLSRC,ARR039PH_K02,已下載
Z:\東鋼SRC\10.10.10.216\東鋼list,ARR039PK,THSRC,K02CLSRC,ARR039PK_K02,已下載
Z:\東鋼SRC\10.10.10.216\東鋼list,ARR039PU,THSRC,P02CLSRC,ARR039PU_P02,已下載
Z:\東鋼SRC\10.10.10.216\東鋼list,ARR097P,THSRC,P02CLSRC,ARR097P_P02,已下載
Z:\東鋼SRC\10.10.10.216\東鋼list,ARR118P,THSRC,P02CLSRC,ARR118P_P02,已下載
Z:\東鋼SRC\10.10.10.216\東鋼list,ARR120P,THSRC,P02CLSRC,ARR120P_P02,已下載
Z:\東鋼SRC\10.10.10.216\東鋼list,ARR127P,THSRC,K02CLSRC,ARR127P_K02,已下載
Z:\東鋼SRC\10.10.10.216\東鋼list,ARR146P,THSRC,U01CLSRC,ARR146P_U01,已下載
Z:\東鋼SRC\10.10.10.216\東鋼list,ARE001PB,THSRC,P02CLSRC,ARE001PB_P02,已下載
Z:\東鋼SRC\10.10.10.216\東鋼list,ARE001PF,THSRC,U01CLSRC,ARE001PF_U01,已下載
Z:\東鋼SRC\10.10.10.216\東鋼list,ARE021R,THSRC,K02RPGSRC,ARE021R_K02,已下載
Z:\東鋼SRC\10.10.10.216\東鋼list,ARE025R,THSRC,U01RPGSRC,ARE025R_U01,已下載
Z:\東鋼SRC\10.10.10.216\東鋼list,ARE030R,THSRC,P02RPGSRC,ARE030R_P02,已下載
Z:\東鋼SRC\10.10.10.216\東鋼list,ARE031R,THSRC,U01RPGSRC,ARE031R_U01,已下載
Z:\東鋼SRC\10.10.10.216\東鋼list,ARE032R,THSRC,P02RPGSRC,ARE032R_P02,已下載
Z:\東鋼SRC\10.10.10.216\東鋼list,ARE035R,THSRC,P02RPGSRC,ARE035R_P02,已下載
Z:\東鋼SRC\10.10.10.216\東鋼list,ARE039R,THSRC,P02RPGSRC,ARE039R_P02,已下載
Z:\東鋼SRC\10.10.10.216\東鋼list,ARE040P,THSRC,U01CLSRC,ARE040P_U01,已下載
Z:\東鋼SRC\10.10.10.216\東鋼list,ARE040R,THSRC,P02RPGSRC,ARE040R_P02,已下載
Z:\東鋼SRC\10.10.10.216\東鋼list,ARE041R,THSRC,P02RPGSRC,ARE041R_P02,已下載
Z:\東鋼SRC\10.10.10.216\東鋼list,ARE056P,THSRC,P02CLSRC,ARE056P_P02,已下載
Z:\東鋼SRC\10.10.10.216\東鋼list,ARE057R,THSRC,P02RPGSRC,ARE057R_P02,已下載
Z:\東鋼SRC\10.10.10.216\東鋼list,ARE059R,THSRC,P02RPGSRC,ARE059R_P02,已下載
Z:\東鋼SRC\10.10.10.216\東鋼list,ARE096P,THSRC,U01CLSRC,ARE096P_U01,已下載
Z:\東鋼SRC\10.10.10.216\東鋼list,ARE098P1,THSRC,U01CLSRC,ARE098P1_U01,已下載
Z:\東鋼SRC\10.10.10.216\東鋼list,ARE105R,THSRC,K02RPGSRC,ARE105R_K02,已下載
Z:\東鋼SRC\10.10.10.216\東鋼list,ARI044P,THSRC,P02CLSRC,ARI044P_P02,已下載
Z:\東鋼SRC\10.10.10.216\東鋼list,ARP020PH,THSRC,P02CLSRC,ARP020PH_P02,已下載
Z:\東鋼SRC\10.10.10.216\東鋼list,ARP020PK,THSRC,P02CLSRC,ARP020PK_P02,已下載
Z:\東鋼SRC\10.10.10.216\東鋼list,ARP020PN,THSRC,P02CLSRC,ARP020PN_P02,已下載
Z:\東鋼SRC\10.10.10.216\東鋼list,ARP020PU,THSRC,P02CLSRC,ARP020PU_P02,已下載
Z:\東鋼SRC\10.10.10.216\東鋼list,ARP054P,THSRC,P02CLSRC,ARP054P_P02,已下載
Z:\東鋼SRC\10.10.10.216\東鋼list,ARP065P,THSRC,P02CLSRC,ARP065P_P02,已下載
Z:\東鋼SRC\10.10.10.216\東鋼list,ARP066P,THSRC,P02CLSRC,ARP066P_P02,已下載
Z:\東鋼SRC\10.10.10.216\東鋼list,ARP067P,THSRC,K02CLSRC,ARP067P_K02,已下載
Z:\東鋼SRC\10.10.10.216\東鋼list,ARP141P,THSRC,H05CLSRC,ARP141P_H05,已下載
Z:\東鋼SRC\10.10.10.216\東鋼list,ARP152P,THSRC,U01CLSRC,ARP152P_U01,已下載
Z:\東鋼SRC\10.10.10.216\東鋼list,ARR035P,THSRC,K02CLSRC,ARR035P_K02,已下載
Z:\東鋼SRC\10.10.10.216\東鋼list,ARR036P,THSRC,P02CLSRC,ARR036P_P02,已下載
Z:\東鋼SRC\10.10.10.216\東鋼list,ARR040P,THSRC,P02CLSRC,ARR040P_P02,已下載
Z:\東鋼SRC\10.10.10.216\東鋼list,ARR075P,THSRC,U01CLSRC,ARR075P_U01,已下載
Z:\東鋼SRC\10.10.10.216\東鋼list,ARR080P,THSRC,H05CLSRC,ARR080P_H05,已下載
Z:\東鋼SRC\10.10.10.216\東鋼list,ARR084P,THSRC,P02CLSRC,ARR084P_P02,已下載
Z:\東鋼SRC\10.10.10.216\東鋼list,ARR085P,THSRC,P02CLSRC,ARR085P_P02,已下載
Z:\東鋼SRC\10.10.10.216\東鋼list,ARR087P,THSRC,P02CLSRC,ARR087P_P02,已下載
Z:\東鋼SRC\10.10.10.216\東鋼list,ARR102P,THSRC,P02CLSRC,ARR102P_P02,已下載
Z:\東鋼SRC\10.10.10.216\東鋼list,ARR122P,THSRC,P02CLSRC,ARR122P_P02,已下載
Z:\東鋼SRC\10.10.10.216\東鋼list,ARR136P,THSRC,P02CLSRC,ARR136P_P02,已下載
Z:\東鋼SRC\10.10.10.216\東鋼list,ARR137P,THSRC,P02CLSRC,ARR137P_P02,已下載
Z:\東鋼SRC\10.10.10.216\東鋼list,ARR138P,THSRC,K02CLSRC,ARR138P_K02,已下載
Z:\東鋼SRC\10.10.10.216\東鋼list,ARR141P,THSRC,U01CLSRC,ARR141P_U01,已下載
Z:\東鋼SRC\10.10.10.216\東鋼list,ARE002PF,THSRC,P02CLSRC,ARE002PF_P02,已下載
Z:\東鋼SRC\10.10.10.216\東鋼list,ARE002R,THSRC,P02RPGSRC,ARE002R_P02,已下載
Z:\東鋼SRC\10.10.10.216\東鋼list,ARE050P,THSRC,P02CLSRC,ARE050P_P02,已下載
Z:\東鋼SRC\10.10.10.216\東鋼list,ARE050P#,THSRC,P02CLSRC,ARE050P#_P02,已下載
Z:\東鋼SRC\10.10.10.216\東鋼list,ARE062R,THSRC,U01RPGSRC,ARE062R_U01,已下載
Z:\東鋼SRC\10.10.10.216\東鋼list,ARE097P,THSRC,U01CLSRC,ARE097P_U01,已下載
Z:\東鋼SRC\10.10.10.216\東鋼list,ARR034P,THSRC,P02CLSRC,ARR034P_P02,已下載
Z:\東鋼SRC\10.10.10.216\東鋼list,ARR038P,THSRC,P02CLSRC,ARR038P_P02,已下載
Z:\東鋼SRC\10.10.10.216\東鋼list,ARR039PW,THSRC,K02CLSRC,ARR039PW_K02,已下載
Z:\東鋼SRC\10.10.10.216\東鋼list,ARR051P,THSRC,P02CLSRC,ARR051P_P02,已下載
Z:\東鋼SRC\10.10.10.216\東鋼list,ARR094P,THSRC,P02CLSRC,ARR094P_P02,已下載
Z:\東鋼SRC\10.10.10.216\東鋼list,ARR108P,THSRC,P02CLSRC,ARR108P_P02,已下載
Z:\東鋼SRC\10.10.10.216\東鋼list,ARR113P,THSRC,P02CLSRC,ARR113P_P02,已下載
Z:\東鋼SRC\10.10.10.216\東鋼list,ARR115P,THSRC,P02CLSRC,ARR115P_P02,已下載
Z:\東鋼SRC\10.10.10.216\東鋼list,ARR119P,THSRC,P02CLSRC,ARR119P_P02,已下載
Z:\東鋼SRC\10.10.10.216\東鋼list,ARR129P,THSRC,P02CLSRC,ARR129P_P02,已下載
Z:\東鋼SRC\10.10.10.216\東鋼list,ARR134P,THSRC,P02CLSRC,ARR134P_P02,已下載
Z:\東鋼SRC\10.10.10.216\東鋼list,ARR142P,THSRC,P02CLSRC,ARR142P_P02,已下載
Z:\東鋼SRC\10.10.10.216\東鋼list,ARE003R,THSRC,P02RPGSRC,ARE003R_P02,已下載
Z:\東鋼SRC\10.10.10.216\東鋼list,ARE003RH,THSRC,P02RPGSRC,ARE003RH_P02,已下載
Z:\東鋼SRC\10.10.10.216\東鋼list,ARQ004R,THSRC,P02RPGSRC,ARQ004R_P02,已下載
Z:\東鋼SRC\10.10.10.216\東鋼list,ARR002P,THSRC,P02CLSRC,ARR002P_P02,已下載
Z:\東鋼SRC\10.10.10.216\東鋼list,ARR031P,THSRC,P02CLSRC,ARR031P_P02,已下載
Z:\東鋼SRC\10.10.10.216\東鋼list,ARE012R,THSRC,U01RPGSRC,ARE012R_U01,已下載
Z:\東鋼SRC\10.10.10.216\東鋼list,ARE043P,THSRC,P02CLSRC,ARE043P_P02,已下載
Z:\東鋼SRC\10.10.10.216\東鋼list,ARE054P,THSRC,P02CLSRC,ARE054P_P02,已下載
Z:\東鋼SRC\10.10.10.216\東鋼list,ARE055P,THSRC,P02CLSRC,ARE055P_P02,已下載
Z:\東鋼SRC\10.10.10.216\東鋼list,ARQ003R,THSRC,P02RPGSRC,ARQ003R_P02,已下載
Z:\東鋼SRC\10.10.10.216\東鋼list,ARQ011R,THSRC,P02RPGSRC,ARQ011R_P02,已下載
Z:\東鋼SRC\10.10.10.216\東鋼list,ARQ012R,THSRC,P02RPGSRC,ARQ012R_P02,已下載
Z:\東鋼SRC\10.10.10.216\東鋼list,ARQ016R,THSRC,P02RPGSRC,ARQ016R_P02,已下載
Z:\東鋼SRC\10.10.10.216\東鋼list,ARR003P,THSRC,K02CLSRC,ARR003P_K02,已下載
Z:\東鋼SRC\10.10.10.216\東鋼list,ARR011P,THSRC,U01CLSRC,ARR011P_U01,已下載
Z:\東鋼SRC\10.10.10.216\東鋼list,ARR012P,THSRC,U01CLSRC,ARR012P_U01,已下載
Z:\東鋼SRC\10.10.10.216\東鋼list,ARR015P,THSRC,U01CLSRC,ARR015P_U01,已下載
Z:\東鋼SRC\10.10.10.216\東鋼list,ARR047P,THSRC,P02CLSRC,ARR047P_P02,已下載
Z:\東鋼SRC\10.10.10.216\東鋼list,ARR117P,THSRC,P02CLSRC,ARR117P_P02,已下載
Z:\東鋼SRC\10.10.10.216\東鋼list,ARR124P,THSRC,U01CLSRC,ARR124P_U01,已下載
Z:\東鋼SRC\10.10.10.216\東鋼list,ARE007P,THSRC,P02CLSRC,ARE007P_P02,已下載
Z:\東鋼SRC\10.10.10.216\東鋼list,ARE009R,THSRC,U01RPGSRC,ARE009R_U01,已下載
Z:\東鋼SRC\10.10.10.216\東鋼list,ARE037P,THSRC,P02CLSRC,ARE037P_P02,已下載
Z:\東鋼SRC\10.10.10.216\東鋼list,ARE037RN,THSRC,P02RPGSRC,ARE037RN_P02,已下載
Z:\東鋼SRC\10.10.10.216\東鋼list,ARE037RS,THSRC,P02RPGSRC,ARE037RS_P02,已下載
Z:\東鋼SRC\10.10.10.216\東鋼list,ARE038R,THSRC,P02RPGSRC,ARE038R_P02,已下載
Z:\東鋼SRC\10.10.10.216\東鋼list,ARE061R,THSRC,U01RPGSRC,ARE061R_U01,已下載
Z:\東鋼SRC\10.10.10.216\東鋼list,ARE095P,THSRC,P02CLSRC,ARE095P_P02,已下載
Z:\東鋼SRC\10.10.10.216\東鋼list,ARE107R,THSRC,P02RPGSRC,ARE107R_P02,已下載
Z:\東鋼SRC\10.10.10.216\東鋼list,ARE107R,THSRC,K02RPGSRC,ARE107R_K02,已下載
Z:\東鋼SRC\10.10.10.216\東鋼list,ARP058P,THSRC,U01CLSRC,ARP058P_U01,已下載
Z:\東鋼SRC\10.10.10.216\東鋼list,ARP058P,THSRC,K02CLSRC,ARP058P_K02,已下載
Z:\東鋼SRC\10.10.10.216\東鋼list,ARP059P,THSRC,U01CLSRC,ARP059P_U01,已下載
Z:\東鋼SRC\10.10.10.216\東鋼list,ARR055P,THSRC,P02CLSRC,ARR055P_P02,已下載
Z:\東鋼SRC\10.10.10.216\東鋼list,ARR068P,THSRC,P02CLSRC,ARR068P_P02,已下載
Z:\東鋼SRC\10.10.10.216\東鋼list,ARR070P,THSRC,P02CLSRC,ARR070P_P02,已下載
Z:\東鋼SRC\10.10.10.216\東鋼list,ARR071P,THSRC,P02CLSRC,ARR071P_P02,已下載
Z:\東鋼SRC\10.10.10.216\東鋼list,ARR073P,THSRC,P02CLSRC,ARR073P_P02,已下載
Z:\東鋼SRC\10.10.10.216\東鋼list,ARR109P,THSRC,P02CLSRC,ARR109P_P02,已下載
Z:\東鋼SRC\10.10.10.216\東鋼list,ARE011R,THSRC,U01RPGSRC,ARE011R_U01,已下載
Z:\東鋼SRC\10.10.10.216\東鋼list,ARE016P,THSRC,K02CLSRC,ARE016P_K02,已下載
Z:\東鋼SRC\10.10.10.216\東鋼list,ARQ001R,THSRC,P02RPGSRC,ARQ001R_P02,已下載
Z:\東鋼SRC\10.10.10.216\東鋼list,ARQ001R,THSRC,U01RPGSRC,ARQ001R_U01,已下載
Z:\東鋼SRC\10.10.10.216\東鋼list,ARQ002R,THSRC,P02RPGSRC,ARQ002R_P02,已下載
Z:\東鋼SRC\10.10.10.216\東鋼list,ARQ014R,THSRC,U01RPGSRC,ARQ014R_U01,已下載
Z:\東鋼SRC\10.10.10.216\東鋼list,ARR004P,THSRC,P02CLSRC,ARR004P_P02,已下載
Z:\東鋼SRC\10.10.10.216\東鋼list,ARR005P,THSRC,P02CLSRC,ARR005P_P02,已下載
Z:\東鋼SRC\10.10.10.216\東鋼list,ARR008P,THSRC,P02CLSRC,ARR008P_P02,已下載
Z:\東鋼SRC\10.10.10.216\東鋼list,ARR009P,THSRC,P02CLSRC,ARR009P_P02,已下載
Z:\東鋼SRC\10.10.10.216\東鋼list,ARR043P,THSRC,U01CLSRC,ARR043P_U01,已下載
Z:\東鋼SRC\10.10.10.216\東鋼list,ARR052P,THSRC,K02CLSRC,ARR052P_K02,已下載
Z:\東鋼SRC\10.10.10.216\東鋼list,ARR067P,THSRC,P02CLSRC,ARR067P_P02,已下載
Z:\東鋼SRC\10.10.10.216\東鋼list,ARR069P,THSRC,P02CLSRC,ARR069P_P02,已下載
Z:\東鋼SRC\10.10.10.216\東鋼list,ARR072P,THSRC,P02CLSRC,ARR072P_P02,已下載
Z:\東鋼SRC\10.10.10.216\東鋼list,ARR078P,THSRC,P02CLSRC,ARR078P_P02,已下載
Z:\東鋼SRC\10.10.10.216\東鋼list,ARR079P,THSRC,P02CLSRC,ARR079P_P02,已下載
Z:\東鋼SRC\10.10.10.216\東鋼list,ARR089P,THSRC,H05CLSRC,ARR089P_H05,已下載
Z:\東鋼SRC\10.10.10.216\東鋼list,ARR090P,THSRC,P02CLSRC,ARR090P_P02,已下載
Z:\東鋼SRC\10.10.10.216\東鋼list,ARR098P,THSRC,U01CLSRC,ARR098P_U01,已下載
Z:\東鋼SRC\10.10.10.216\東鋼list,ARR111P,THSRC,P02CLSRC,ARR111P_P02,已下載
Z:\東鋼SRC\10.10.10.216\東鋼list,ARR123P,THSRC,P02CLSRC,ARR123P_P02,已下載
Z:\東鋼SRC\10.10.10.216\東鋼list,ARR132P,THSRC,P02CLSRC,ARR132P_P02,已下載
Z:\東鋼SRC\10.10.10.216\東鋼list,ARR139P,THSRC,U01CLSRC,ARR139P_U01,已下載
Z:\東鋼SRC\10.10.10.216\東鋼list,ARR140P,THSRC,U01CLSRC,ARR140P_U01,已下載
Z:\東鋼SRC\10.10.10.216\東鋼list,ARR145P,THSRC,P02CLSRC,ARR145P_P02,已下載
Z:\東鋼SRC\10.10.10.216\東鋼list,ARR147P,THSRC,U01CLSRC,ARR147P_U01,已下載
Z:\東鋼SRC\10.10.10.216\東鋼list,ARP012P,THSRC,K02CLSRC,ARP012P_K02,已下載
Z:\東鋼SRC\10.10.10.216\東鋼list,ARP014P,THSRC,K02CLSRC,ARP014P_K02,已下載
Z:\東鋼SRC\10.10.10.216\東鋼list,ARP015P,THSRC,K02CLSRC,ARP015P_K02,已下載
Z:\東鋼SRC\10.10.10.216\東鋼list,ARP016P,THSRC,U01CLSRC,ARP016P_U01,已下載
Z:\東鋼SRC\10.10.10.216\東鋼list,ARP018P,THSRC,U01CLSRC,ARP018P_U01,已下載
Z:\東鋼SRC\10.10.10.216\東鋼list,ARP019P,THSRC,U01CLSRC,ARP019P_U01,已下載
Z:\東鋼SRC\10.10.10.216\東鋼list,ARP046P,THSRC,U01CLSRC,ARP046P_U01,已下載
Z:\東鋼SRC\10.10.10.216\東鋼list,ARP047P,THSRC,K02CLSRC,ARP047P_K02,已下載
Z:\東鋼SRC\10.10.10.216\東鋼list,ARP061P,THSRC,U01CLSRC,ARP061P_U01,已下載
Z:\東鋼SRC\10.10.10.216\東鋼list,ARP072P,THSRC,K02CLSRC,ARP072P_K02,已下載
Z:\東鋼SRC\10.10.10.216\東鋼list,ARP072P,THSRC,U01CLSRC,ARP072P_U01,已下載
Z:\東鋼SRC\10.10.10.216\東鋼list,ARP072P,THSRC,P02CLSRC,ARP072P_P02,已下載
Z:\東鋼SRC\10.10.10.216\東鋼list,ARP072P,THSRC,H05CLSRC,ARP072P_H05,已下載
Z:\東鋼SRC\10.10.10.216\東鋼list,ARP074P,THSRC,P02CLSRC,ARP074P_P02,已下載
Z:\東鋼SRC\10.10.10.216\東鋼list,ARP103P,THSRC,K02CLSRC,ARP103P_K02,已下載
Z:\東鋼SRC\10.10.10.216\東鋼list,ARP103P,THSRC,H05CLSRC,ARP103P_H05,已下載
Z:\東鋼SRC\10.10.10.216\東鋼list,ARP115P,THSRC,U01CLSRC,ARP115P_U01,已下載
Z:\東鋼SRC\10.10.10.216\東鋼list,ARP124P,THSRC,H05CLSRC,ARP124P_H05,已下載
Z:\東鋼SRC\10.10.10.216\東鋼list,ARP126P,THSRC,K02CLSRC,ARP126P_K02,已下載
Z:\東鋼SRC\10.10.10.216\東鋼list,ARP153P,THSRC,H05CLSRC,ARP153P_H05,已下載
Z:\東鋼SRC\10.10.10.216\東鋼list,ARR114P,THSRC,P02CLSRC,ARR114P_P02,已下載
