MEMBER,,TYPE,TEXT,規格書
AESDDW,已下載,PF,委送單異動記錄副檔           for SQL      .,Y
AFCBAL,已下載,PF,預收貨款餘額檔,Y
AFCBALL1,已下載,LF,預收貨款餘額檔 (LF01)( 客戶┼訂單）,Y
ARADJM,已下載,PF,扣物調折扣紀錄檔,Y
ARALOG,已下載,PF,應收帳款例外處理登錄說明檔,Y
ARAPLG,已下載,PF,請款單紀錄檔,Y
ARBANK,已下載,PF,應收帳款承購 - 銀行基本資料檔,Y
ARBBAL,已下載,PF,預收貨款增減明細檔,Y
ARBBALT,已下載,PF,預收貨款增減明細工作檔,Y
ARBTAX,已下載,PF,專案退稅明細檔,Y
ARBTAXL1,已下載,LF,專案退稅明細檔（作廢發票號碼 ),Y
ARBTAXL2,已下載,LF,專案退稅明細檔（單據號碼 ),Y
ARBTAXT,已下載,PF,專案退稅明細檔 WORKFILE,Y
ARCADT,已下載,PF,銷貨帳款兌現天數明細檔  2015AR953 1040911 S00WCJ,Y
ARCANDR,已下載,PF,例假日及節日檔,Y
ARCATL,已下載,PF,銷貨帳款兌現天數彙總檔,Y
ARCBDW,已下載,PF,電子商務 - 客戶資料下載設定檔,Y
ARCINI,已下載,PF,外銷報關記錄主檔介面檔  2016AR1007 1050906 S00WCJ,Y
ARCINIG,已下載,PF,外銷報關記錄主檔介面檔 LOG 檔  2016AR1007 S00WCJ,Y
ARCINIL1,已下載,LF,外銷報關記錄介面檔 LF 2016AR1007 1050907 S00WCJ,Y
ARCINV,已下載,PF,外銷報關記錄主檔,Y
ARCINVL1,已下載,LF,外銷報關記錄主檔（訂單編號） 98/03/26 S00LCL,Y
ARCINVL2,已下載,LF,外銷報關記錄主檔（報關年月）,Y
ARCINVP,已下載,PF,外銷報關記錄主檔暫存檔,Y
ARCUCT,已下載,PF,客戶管制檔,Y
ARCUCTG,已下載,PF,客戶管制檔  2013HS227 1021114 S00WCJ,Y
ARCUDT,已下載,PF,應收帳款承購 - 客戶基本資料檔,Y
ARCURL,已下載,PF,反傾銷客戶關係對照檔,Y
ARCVCK,已下載,PF,應收帳款承購 - 沖銷票據檔 (NEW)  2012AR682,Y
ARCVDT,已下載,PF,應收帳款承購 - 發票沖銷明細檔,Y
ARCVDTD,已下載,PF,應收帳款承購 - 發票沖銷明細檔 (FOR DOWNLOAD),Y
ARCVDTL1,已下載,LF,應收帳款承購 - 發票沖銷明細檔,Y
ARCVDTW,已下載,PF,應收帳款承購 - 發票沖銷明細檔,Y
ARCVMS,已下載,PF,應收帳款承購 - 發票沖銷主檔,Y
ARCVMSL1,已下載,LF,應收帳款承購 - 發票沖銷主檔  (LF01) 依繳款日期,Y
ARCVMSL2,已下載,LF,應收帳款承購 - 發票沖銷主檔  (LF02) 依客戶代號,Y
ARDELT,已下載,PF,應收帳款承購 - 發票作廢代開明細檔,Y
ARDEPT,已下載,PF,應收帳款承購 - 發票預支明細檔,Y
ARDEPTW,已下載,PF,應收帳款承購 - 發票預支明細工作檔,Y
ARDEPTWL1,已下載,LF,應收帳款承購 - 發票預支明細工作檔 ( 發票日期 ),Y
ARDETPWL1,已下載,LF,應收帳款銷貨明細檔 (LF01),Y
ARDIDW,已下載,PF,電子商務 -- 折讓銷退下載,Y
ARDLOD,已下載,PF,應收帳款承購 - 發票下載暫存檔,Y
ARDLWT,已下載,PF,磅單與運費調整對照檔,Y
ARDLWTW,已下載,PF,磅單與運費調整對照檔  WRKFILE  傳輸用,Y
ARDSDT,已下載,PF,折讓折扣磅單明細分攤檔  1051022 S00WCJ,Y
ARDSDTG,已下載,PF,鋼筋折讓磅單無法分攤檔  1051022 S00WCJ,Y
ARDSDTL1,已下載,LF,折讓折扣磅單明細分攤檔  2015AR951 1040820,Y
ARDSDTL2,已下載,LF,折讓折扣磅單明細分攤檔  2014AR796 1030118,Y
ARDSDTL3,已下載,LF,折讓折扣磅單明細分攤檔  2014AR796 1030119,Y
ARDSDTL4,已下載,LF,折讓折扣磅單明細分攤檔  1050921 S00WCJ,Y
ARDSDTL5,已下載,LF,折讓折扣磅單明細分攤檔  1051022 S00WCJ,Y
ARDSDTL6,已下載,LF,折讓折扣磅單明細分攤檔  1061226 S00WCJ,Y
ARDSDTW,已下載,PF,折讓折扣磅單明細分攤  傳輸介面檔  1061226 S00WCJ,Y
ARDSLG,已下載,PF,進倉履約折扣紀錄檔   2015AR953  1040911 S00WCJ,Y
ARDSLGW,已下載,PF,進倉履約折扣紀錄檔   傳輸介面檔  2015AR953,Y
ARELCD,已下載,PF,電子押匯介面檔  2023AR00044 1121004 S00WCJ,Y
ARELCDG,已下載,PF,電子押匯介面檔 LOG 2023AR00044 1121004 S00WCJ,Y
ARELCDL1,已下載,LF,電子押匯介面檔  2023AR00031 1120613 S00WCJ,Y
ARELCE,已下載,PF,電子押匯發票明細介面檔 2024AR00003 1130103 S00WCJ,Y
ARELCEG,已下載,PF,電子押匯發票明細介面 LOG 檔 2024AR00003 1130103,Y
ARE001S,已下載,DSPF,發票維護作業  2022AR00008 1110321 S00WCJ,Y
ARE002S,已下載,DSPF,調整維護作業  2024AR00026 1130805 S00WCJ,Y
ARE002SF,已下載,DSPF,關帳後調整單作廢,Y
ARE003S,已下載,DSPF,請款維護作業 2023AR00042 1120922 S00WCJ,Y
ARE003SH,已下載,DSPF,請款維護作業 2023AR00058 1121229 S00WCJ,Y
ARE004S,已下載,DSPF,營業繳款通知單（依請款單） 2012AR682 1010918,Y
ARE005S,已下載,DSPF,營業繳款通知單（依發票）新版勿殺 1100401 S00WCJ,Y
ARE006S,已下載,DSPF,折讓退回維護作業  1101018 S00WCJ,Y
ARE007S,已下載,DSPF,折讓註銷作業  2018AR00030 1071123 S00WCJ,Y
ARE008F,已下載,PF,帳款更正磅單調整工作檔 2019AR00079 1081227,Y
ARE008S,已下載,DSPF,帳款更正作業（磅差） 2019AR00079 1090114 S00WCJ,Y
ARE008SA,已下載,DSPF,帳款更正永不開立發票密碼檢核,Y
ARE008SB,已下載,DSPF,帳款更正磅單調整副程式 WIN STDSP(*YES)2019AR00079,Y
ARE009S,已下載,DSPF,非營業繳款通知單  2018AR1155 1070517 S00WCJ,Y
ARE010S,已下載,DSPF,隔月換發票處理  2015AR953  1040918  S00WCJ,Y
ARE011S,已下載,DSPF,託收處理作業   2011ARXXX   1000103 S00WCJ,Y
ARE012S,已下載,DSPF,兌現處理作業,Y
ARE013S,已下載,DSPF,票據退回維護作業,Y
ARE013S1,已下載,DSPF,票據退回維護作業  2012AR682 1010918 S00WCJ,Y
ARE014S,已下載,DSPF,退票通知單維護作業,Y
ARE015S,已下載,DSPF,兌現後退票處理作業,Y
ARE015SA,已下載,DSPF,票據兌現後退票處理作業,Y
ARE016S,已下載,DSPF,票據資料挑選設定,Y
ARE017S,已下載,DSPF,票據退回維護作業－暫收其它,Y
ARE021S,已下載,DSPF,發票號碼維護作業,Y
ARE022S,已下載,DSPF,銀行帳號維護作業,Y
ARE023S,已下載,DSPF,往來銀行維護作業,Y
ARE024S,已下載,DSPF,資金代號維護作業,Y
ARE025S,已下載,DSPF,發票繳款金額轉出作業（一筆轉出對多筆轉入 AR00042,Y
ARE026S,已下載,DSPF,業務員基本資料輸入與查詢,Y
ARE026S2,已下載,DSPF,業務員基本資料傳輸廠區之畫面,Y
ARE027S,已下載,DSPF,預收貨款輸入與查詢,Y
ARE028S,已下載,DSPF,收款金額分類與查詢,Y
ARE029S,已下載,DSPF,訂單管制檔資料維護,Y
ARE030S,已下載,DSPF,人工發票開立作業  2015AR953 1040918 S00WCJ,Y
ARE031S,已下載,DSPF,解除發票列印作業 2017AR1112 1061207 S00WCJ,Y
ARE032S,已下載,DSPF,人工發票開立銷貨沖銷維護作業 2015AR953 1040918,Y
ARE034S,已下載,DSPF,折讓退回維護作業（異常處理版） 2015AR953 1040918,Y
ARE035S,已下載,DSPF,發票維護作業（異常處理版） 2015AR953 1040918,Y
ARE036S,已下載,DSPF,已確認折讓單更改確認日期作業,Y
ARE037S,已下載,DSPF,新版營業繳款輸入程式,Y
ARE037SA,已下載,DSPF,新版營業繳款輸入程式（依日期排序） 2024AR00022,Y
ARE037SB,已下載,DSPF,新版營業繳款輸入程式（依客戶排序） 2024AR00022,Y
ARE037SC,已下載,DSPF,新版營業繳款輸入程式（外銷專用）  NO USE,Y
ARE037SN,已下載,DSPF,新版營業繳款輸入程式（外銷專用）─依磅 21AR00044,Y
ARE037ST,已下載,DSPF,新版營業繳款輸入程式（外銷專用） - 依磅單 AR953,Y
ARE038S,已下載,DSPF,新版營業繳款輸查詢式  2012AR682  1010919 S00WCJ,Y
ARE039S,已下載,DSPF,新版訂單管制維護作業,Y
ARE040S,已下載,DSPF,發票指定開立作業  971216 扣物調款前 2019AR00077,Y
ARE040T,已下載,PRTF,發票指定開立作業（開立清單） 2015AR953 1040918,Y
ARE041S,已下載,DSPF,發票銷貨查詢作業  2015AR953 1040918 S00WCJ,Y
ARE041T,已下載,PRTF,發票銷貨查詢作業（明細表） 2015AR953  1040918,Y
ARE042S,已下載,DSPF,已作廢發票還原程式  2015AR953  1040918  S00WCJ,Y
ARE043S,已下載,DSPF,客戶暫收款編修程式  2011AR624 1000819 S00WCJ,Y
ARE044S,已下載,DSPF,專案退稅明細輸入,Y
ARE045S,已下載,DSPF,預收貨款增減明細輸入,Y
ARE046S,已下載,DSPF,承購客戶基本資料資料維護,Y
ARE047S,已下載,DSPF,承購銀行基本資料登錄,Y
ARE048S,已下載,DSPF,承購發票維護作業,Y
ARE049F,已下載,PF,新版承購客戶沖銷作業,Y
ARE049S,已下載,DSPF,新版承購客戶沖銷作業,Y
ARE049SA,已下載,DSPF,新版承購客戶沖銷作業（依繳款日期排序） 2012AR682,Y
ARE049SB,已下載,DSPF,新版承購客戶沖銷作業（依客戶代號排序） 2012AR682,Y
ARE050F,已下載,PF,進倉履約折讓列印工作檔  2018AR00029 1071116,Y
ARE050S,已下載,DSPF,進倉履約折讓自動處理作業挑發票  2015AR953 1040918,Y
ARE050S4,已下載,DSPF,進倉履約折讓自動處理作業   守漢,Y
ARE050T,已下載,PRTF,進倉履約折讓自動處理 - 開立清單  1021219 S00WJC,Y
ARE051S,已下載,DSPF,發票異常處理 ( 繳款資料移轉 ),Y
ARE052S,已下載,DSPF,應收帳款承購發票結案,Y
ARE053F1,已下載,PF,應收帳款承購人工票據兌現（暫存檔）,Y
ARE053F2,已下載,PF,應收帳款承購人工票據兌現（暫存檔）,Y
ARE053S,已下載,DSPF,應收帳款承購人工票據兌現,Y
ARE053SA,已下載,DSPF,應收帳款承購人工票據兌現 -- 畫面一,Y
ARE054S,已下載,DSPF,營業退款輸入作業,Y
ARE054SA,已下載,DSPF,營業退款輸入作業（依日期排序） 2016AR975 1050219,Y
ARE054SB,已下載,DSPF,營業退款輸入作業（依客戶排序） 2019AR00003,Y
ARE054SC,已下載,DSPF,營業退款查詢作業（依日期排序） FOR 查詢 2012AR682,Y
ARE054SD,已下載,DSPF,營業退款查詢作業（依日期排序） FOR 查詢 2012AR682,Y
ARE055S,已下載,DSPF,營業退款過入財會處理作業   2010AR569  991227,Y
ARE055SA,已下載,DSPF,營業退款過入財會處理作業  2019AR00075 1081031,Y
ARE056S,已下載,DSPF,營業發票作廢申請作業 1081125 S00WCJ,Y
ARE056T,已下載,PRTF,營業發票作廢申請作業－出表 1060106 S00WCJ,Y
ARE056T1,已下載,PRTF,營業發票作廢申請作業－出表  1060106 S00WCJ,Y
ARE057S,已下載,DSPF,新版發票作廢作業（可整批作廢） 2015AR953 1040922,Y
ARE059S,已下載,DSPF,折讓單發票整批轉出作業  2015AR953 1040922 S00WCJ,Y
ARE093S,已下載,DSPF,應收帳款承購客戶請款單開立,Y
ARE094F,已下載,PF,應收票據明細暫存檔   2012AR682 1010918 S00WCJ,Y
ARE094S,已下載,DSPF,應收票據代開傳票後更正作業  2012AR682 1010920,Y
ARE095S,已下載,DSPF,營業外銷報關資料維護  1120626 S00WCJ,Y
ARE096S,已下載,DSPF,發票暫不開立維護作業,Y
ARE097S,已下載,DSPF,新桃工程領用成本分攤維護作業  僅桃園使用,Y
ARE098F,已下載,PF,區間發票開立試算維護工作檔 2019AR00077 1081120,Y
ARE098S,已下載,DSPF,區間發票開立試算維護作業 1111221 S00WCJ,Y
ARE098T,已下載,PRTF,區間發票開立試算表 2022AR00053 1111118 S00WCJ,Y
ARE098T1,已下載,PRTF,區間發票差異試算表 2022AR00052 1111207 S00WCJ,Y
ARE100S,已下載,DSPF,獎勵金客戶設定維護作業  2012AR641 1010215 S00WCJ,Y
ARE101S,已下載,DSPF,獎勵金產品別設定維護作業  2015AR953 1040922,Y
ARE102S,已下載,DSPF,獎勵金單價設定維護作業  2012AR641 1010215,Y
ARE103S,已下載,DSPF,獎勵金價格補助鋼種設定維護作業  2012AR641 1010216,Y
ARE105S,已下載,DSPF,年度電子發票號碼維護作業 2024AR00039 1131107,Y
ARE107S,已下載,DSPF,電子押匯確認上傳作業 2024AR00011 1130319 S00WCJ,Y
ARE107SA,已下載,DSPF,電子押匯還原確認 WIN STDSP(*YES) 2024AR00011,Y
ARE107T,已下載,PRTF,電子押匯確認上傳檢核報表 2023AR00044 1121004,Y
ARE111S,已下載,DSPF,更換請款單業務員作業  1121026 S00WCJ,Y
ARFNDS,已下載,PF,帳款明細檔 ( 電子商務介面檔 FOR SQL) 2014AR832,Y
ARINDW,已下載,PF,電子商務 -- 發票主檔下載,Y
ARINDWG,已下載,PF,電子商務 -- 發票主檔下載  備份檔  1070202 S00WCJ,Y
ARINRV,已下載,PF,發票繳款紀錄檔,Y
ARINVD,已下載,PF,應收帳款承購 - 承購發票明細檔  2015AR953 1040911,Y
ARINVDW,已下載,PF,應收帳款承購 - 承購發票明細檔  2015AR953 1040911,Y
ARINVM,已下載,PF,應收帳款承購 - 承購發票主檔,Y
ARINVML1,已下載,LF,應收帳款承購 - 承購發票主檔  客戶 + 日期 + 發票,Y
ARINVML2,已下載,LF,應收帳款承購 - 承購發票主檔 ( 下載試算用 ),Y
ARINVML3,已下載,LF,應收帳款承購 - 承購發票主檔 ( 請款單 ),Y
ARINVML4,已下載,LF,應收帳款承購 - 承購發票主檔 ( 承購批號 ),Y
ARINVML5,已下載,LF,應收帳款承購 - 承購發票主檔 ( 承購單號 ),Y
ARINVMW,已下載,PF,應收帳款承購 - 承購發票主檔 WORKFILE  傳輸用,Y
ARINVMX,已下載,PF,應收帳款承購 - 承購發票主檔 WORKFILE  試算用,Y
ARIVDW,已下載,PF,電子商務 - 發票明細檔下載  2015AR953 1040917,Y
ARIVDWG,已下載,PF,電子商務 - 發票明細檔下載  備份檔 1070202 S00WCJ,Y
ARI044S,已下載,DSPF,以發票號碼查單據號碼,Y
ARI048S,已下載,DSPF,承購發票訂單別查詢作業,Y
ARI049S,已下載,DSPF,客戶訂單暫收款查詢  ( 財會 ),Y
ARI049T,已下載,PRTF,客戶訂單暫收款查詢  ( 財會 ),Y
ARI050S,已下載,DSPF,應收帳款承購狀況查詢,Y
ARLCBL,已下載,PF,信用狀主檔 (FOR SQL),Y
ARLCDS,已下載,PF,請款單檔 ( 電子商務介面檔 FOR SQL),Y
ARLCDSW,已下載,PF,請款單檔 ( 電子商務介面檔 FOR SQL) -WORKFILE,Y
ARLCLG,已下載,PF,請款單 L/C 紀錄檔,Y
ARMETL,已下載,PF,反傾銷鋼種對照檔,Y
ARODCI,已下載,PF,訂單管制介面檔  2022AR00008  1110209 S00WCJ,Y
ARODCIG,已下載,PF,訂單管制介面檔  2016AR1007 1050909 S00WCJ,Y
ARODCIL1,已下載,LF,訂單管制介面檔 LF 2022AR00008 1110209 S00WCJ,Y
ARODCT,已下載,PF,訂單管制檔  2022AR00008 1110209 S00WCJ LVLCHK(*NO,Y
ARODCTG,已下載,PF,訂單管制檔  2013HS227 1021114 S00WCJ,Y
ARORCN,已下載,PF,訂單國別對照檔（外銷）,Y
ARORDE,已下載,PF,應收帳款承購 - 訂單彙總檔,Y
ARPRPY,已下載,PF,預收貨款檔 ( 電子商務介面檔 FOR SQL),Y
ARPRTF,已下載,PF,應收帳款系統列印權限設定檔 2018AR00038 1071214,Y
ARPYST,已下載,PF,互抵客戶應付金額記錄檔,Y
ARPYSTL1,已下載,LF,互抵客戶應付金額記錄檔（客戶代號＋日期）,Y
ARP001S,已下載,DSPF,磅單過入應收帳款                               ok,Y
ARP002S,已下載,DSPF,統一發票開立作業                               ok,Y
ARP004S,已下載,DSPF,統一發票開立作業（外銷） - 新版,Y
ARP011S,已下載,DSPF,銷貨收入代開傳票  2010AR556  991202 S00WCJ,Y
ARP012S,已下載,DSPF,調整單代開傳票   2010AR556  991202  S00WCJ,Y
ARP013F,已下載,PF,折讓代開傳票作業 FOR DOWNLOAD  2015AR953 1040911,Y
ARP013S,已下載,DSPF,折讓代開傳票作業  2010AR556  991202  S00WCJ,Y
ARP014S,已下載,DSPF,預收貨款代開傳票作業                           ok,Y
ARP015S,已下載,DSPF,銷項稅額代開傳票作業                           ok,Y
ARP016S,已下載,DSPF,票據兌現代開傳票作業  2010AR556  991202 S00WCJ,Y
ARP016SK,已下載,DSPF,票據兌現代開傳票作業                           ok,Y
ARP017S,已下載,DSPF,票據退回代開傳票作業  2010AR556  991202 S00WCJ,Y
ARP018S,已下載,DSPF,繳款收入代開傳票作業（營業）,Y
ARP019S,已下載,DSPF,繳款收入代開傳票作業（非營業） 2010AR556  991202,Y
ARP027S,已下載,DSPF,預收貨款傳輸作業（單筆） 2023AR00006 1120303,Y
ARP031S,已下載,DSPF,列印客戶請領款提示表,Y
ARP043S,已下載,DSPF,組立加工之勞務收入代開傳票,Y
ARP043T,已下載,PRTF,組立加工之勞務收入代開傳票,Y
ARP044S,已下載,DSPF,統一發票開立作業（重開上月）,Y
ARP046S,已下載,DSPF,銷貨代開傳票還原,Y
ARP047S,已下載,DSPF,調整代開傳票還原  2020AR00058 1091208 S00WCJ,Y
ARP049F,已下載,PF,鋼筋地磅重與銷貨重之差異分析檔,Y
ARP049S,已下載,DSPF,鋼筋地磅重與銷貨重之差異分析,Y
ARP049T,已下載,PRTF,鋼筋地磅重與銷貨重之差異分析表,Y
ARP049TA,已下載,PRTF,鋼筋地磅重與銷貨重之明細表,Y
ARP050F,已下載,PF,型鋼地磅重與銷貨重之差異分析檔,Y
ARP050S,已下載,DSPF,型鋼地磅重與銷貨重之差異分析,Y
ARP050T,已下載,PRTF,型鋼地磅重與銷貨重之差異分析表,Y
ARP050TA,已下載,PRTF,型鋼地磅重與銷貨重之差異分析表,Y
ARP051F,已下載,PF,日期客戶別磅單重量之差異分析檔 2015AR953 1040914,Y
ARP051FO,已下載,PF,日期客戶別磅單重量之差異分析訂單檔  免擴檔,Y
ARP051S,已下載,DSPF,日期客戶別磅單重量之差異分析,Y
ARP051T,已下載,PRTF,日期客戶別磅單重量之差異分析表 2015AR953 1040923,Y
ARP052F,已下載,PF,應收系統檔案備份移出未結案客戶檔   免擴檔,Y
ARP052S,已下載,DSPF,應收系統檔案備份移出作業之畫面,Y
ARP054S,已下載,DSPF,查核發票主檔與明細檔之金額彙總差異,Y
ARP054T,已下載,PRTF,查核發票主檔與明細檔之金額彙總差異,Y
ARP057S,已下載,DSPF,外銷統一發票開立作業（重開上月） 2010AR517 990830,Y
ARP058S,已下載,DSPF,營業繳款過入財會處理畫面                       .,Y
ARP058T,已下載,PRTF,營業繳款過入財會清單,Y
ARP059S,已下載,DSPF,營業繳款過入財會還原畫面,Y
ARP061S,已下載,DSPF,營業繳款代開傳票還原                           .,Y
ARP062S,已下載,DSPF,客戶寄放品代開傳票（記帳）,Y
ARP062T,已下載,PRTF,客戶寄放品代開傳票（記帳）,Y
ARP063S,已下載,DSPF,客戶寄放品代開傳票（出貨）,Y
ARP063T,已下載,PRTF,客戶寄放品代開傳票（出貨）,Y
ARP065S,已下載,DSPF,發票每日開立作業（畫面）,Y
ARP065T,已下載,PRTF,發票每日開立作業（開立清單） 2015AR953 1040923,Y
ARP066S,已下載,DSPF,發票每月開立作業（畫面）,Y
ARP067S,已下載,DSPF,發票區間開立作業（畫面） 1080222 S00WCJ,Y
ARP072F,已下載,PF,銷貨收入每月差異代開傳票 (WORKFILE) 2015AR953,Y
ARP072F1,已下載,PF,銷貨收入每月差異代開傳票 (WORKFILE) - 外銷 AR953,Y
ARP072S,已下載,DSPF,銷貨收入每月差異代開傳票,Y
ARP072T,已下載,PRTF,銷貨收入每月差異代開傳票  2015AR953 1040923,Y
ARP072TA,已下載,PRTF,銷貨收入每月差異代開傳票 - 外銷,Y
ARP073S,已下載,DSPF,外銷訂單單價處理,Y
ARP074F,已下載,PF,折讓退回代開清單 FOR DOWNLOAD,Y
ARP074S,已下載,DSPF,折讓退回代開傳票   2010AR556  991202  S00WCJ,Y
ARP074T,已下載,PRTF,折讓退回代開傳票  2015AR953  1040924 S00WCJ,Y
ARP076S,已下載,DSPF,銷貨帳款兌現天數處理程式  2010AR517 990818 S00WCJ,Y
ARP079F,已下載,PF,現金流出入彙總預估工作檔,Y
ARP083S,已下載,DSPF,承購發票下載算作業 -- 確認,Y
ARP083SA,已下載,DSPF,承購發票下載試算作業 -- 檢核,Y
ARP083T,已下載,PRTF,承購發票下載清單,Y
ARP084SA,已下載,DSPF,承購發票預支試算作業 -- 輸入,Y
ARP084SB,已下載,DSPF,承購發票預支試算作業 -- 確認,Y
ARP087S,已下載,DSPF,承購發票沖銷下載作業,Y
ARP087SA,已下載,DSPF,承購發票沖銷下載還原作業,Y
ARP090F,已下載,PF,兌現預估調整檔  USED BY ARP090P2,Y
ARP090S,已下載,DSPF,現金流入預估處理 ( 含人工調整 ) 畫面,Y
ARP090X,已下載,PF,兌現預估明細檔  USED BY ARP090P3   2015AR953,Y
ARP096F,已下載,PF,反傾銷預警 - 內外銷比較,Y
ARP096F1,已下載,PF,反傾銷預警 WORKFILE - 磅單銷貨對照檔,Y
ARP096F2,已下載,PF,反傾銷預警 WORKFILE - 發票繳款暫存檔,Y
ARP096F3,已下載,PF,反傾銷預警 WORKFILE - 發票折讓暫存檔,Y
ARP096F4,已下載,PF,反傾銷預警 WORK FILE - 內銷,Y
ARP096F5,已下載,PF,反傾銷預警 WORK FILE - 外銷,Y
ARP096S,已下載,DSPF,反傾銷預警處理,Y
ARP101F1,已下載,PF,銷貨利息計算（暫存檔）,Y
ARP101F2,已下載,PF,銷貨利息計算（暫存檔）,Y
ARP101F3,已下載,PF,銷貨利息計算（暫存檔） 2015AR953 1040914 S00WCJ,Y
ARP101F4,已下載,PF,銷貨利息計算（暫存檔） 2015AR953  1040914 S00WCJ,Y
ARP101F5,已下載,PF,銷貨利息計算（暫存檔） 2015AR953 1040914 S00WCJ,Y
ARP103S,已下載,DSPF,折扣代開傳票,Y
ARP103T,已下載,PRTF,折扣代開傳票 - 銷貨收入,Y
ARP104F,已下載,PF,修正 TRNDTL 銷貨類 (SA04) 項次  2015AR953 1040914,Y
ARP106S,已下載,DSPF,折讓代開傳票還原處理,Y
ARP107F,已下載,PF,抓取發票檔裡承購客戶的發票,Y
ARP108F,已下載,PF,修正已繳款但發票餘額仍有金額的發票,Y
ARP110S,已下載,DSPF,電子商務 -- 發票與銷貨資料重新下載處理,Y
ARP110S1,已下載,DSPF,電子商務 -- 銷折與銷退資料重新下載處理 1030306,Y
ARP115S,已下載,DSPF,非營業繳款代開傳票還原                         .,Y
ARP117S,已下載,DSPF,新桃工程自用發票開立作業（畫面）,Y
ARP117T,已下載,PRTF,新桃工程自用開立作業（開立清單） 2015AR953,Y
ARP119S,已下載,DSPF,票據退回代開傳票作業－暫收其他                 ok,Y
ARP120S,已下載,DSPF,獎勵金製票代開處理報表  2012AR641 1010210 S00WCJ,Y
ARP120T1,已下載,PRTF,獎勵金製票代開處理報表─價格補助  2015AR953,Y
ARP120T2,已下載,PRTF,獎勵金製票代開處理報表─獎勵金一  2015AR953,Y
ARP120T3,已下載,PRTF,獎勵金製票代開處理報表─特別補助  2015AR953,Y
ARP121S,已下載,DSPF,獎勵金製票代開  2012AR641 1010217 S00WCJ,Y
ARP121T,已下載,PRTF,獎勵金製票代開  2012AR641 1010217 S00WCJ,Y
ARP126S,已下載,DSPF,加工收入代開傳票  2018AR1144 1070321 S00WCJ,Y
ARP127S,已下載,DSPF,加工收入代開傳票還原 2018AR1144 1070322 S00WCJ,Y
ARP130S,已下載,DSPF,空白發票上送電子發票平台作業  2017AR1112 1070327,Y
ARP150T,已下載,PRTF,型鋼折讓單資料上傳 - 錯誤清單 2019AR00025 1080506,Y
ARP150T1,已下載,PRTF,型鋼折讓單資料上傳 - 上送清單 2019AR00025 1080506,Y
ARP152S,已下載,DSPF,指定調整單發票開立作業 ( 畫面 ) 2021AR00020,Y
ARP155F,已下載,PF,型鋼外銷繳款金額統計工作檔 2024AR00033 1130927,Y
ARP155FA,已下載,PF,型鋼外銷繳款金額統計明細工作檔 2024AR00033,Y
ARP155FG,已下載,PF,型鋼外銷繳款金額統計明細工作 LOG 檔 2024AR00033,Y
ARP201T,已下載,PRTF,外銷報關記錄主檔介面傳輸 - 錯誤清單 2016AR1007,Y
ARP201T1,已下載,PRTF,外銷報關記錄主檔介面傳輸 - 上送清單 2016AR1007,Y
ARP202T,已下載,PRTF,訂單管制檔介面傳輸 - 錯誤清單 2016AR1007 1050909,Y
ARP202T1,已下載,PRTF,訂單管制檔介面傳輸 - 上送清單 2016AR1007 1050909,Y
ARP203T,已下載,PRTF,業務員基本資料檔介面傳輸 - 錯誤清單 2023AR00043,Y
ARP203T1,已下載,PRTF,業務員基本資料檔介面傳輸 - 上送清單 2023AR00043,Y
ARQ001S,已下載,DSPF,訂單應收帳款發票查詢  2015AR953 1040924 S00WCJ,Y
ARQ002S,已下載,DSPF,客戶訂單別應收帳款查詢,Y
ARQ003S,已下載,DSPF,預收貨款餘額查詢,Y
ARQ004S,已下載,DSPF,客戶別請、領款查詢                         ?.....,Y
ARQ011S,已下載,DSPF,客戶別票據查詢,Y
ARQ012S,已下載,DSPF,到期日票據查詢,Y
ARQ013S,已下載,DSPF,票據兌現查詢,Y
ARQ014S,已下載,DSPF,銷貨帳款應收查詢作業,Y
ARQ016S,已下載,DSPF,客戶暫收款查詢程式（營業） 2023AR00045 1121024,Y
ARQ017F,已下載,PF,發票別出貨明細查詢─ＦＯＲ型鋼（暫存） 2015AR953,Y
ARQ017S,已下載,DSPF,發票別出貨明細查詢─ＦＯＲ型鋼,Y
ARQ017SA,已下載,DSPF,發票別出貨明細查詢─ＦＯＲ型鋼,Y
ARQ017T,已下載,PRTF,發票別出貨明細查詢─ＦＯＲ型鋼,Y
ARQ018S,已下載,DSPF,銷貨折讓發票資料查詢,Y
ARRDCU,已下載,PF,獎勵金客戶設定檔  2012AR641 1010210  S00WCJ,Y
ARRDCUL1,已下載,LF,獎勵金客戶設定檔 LF 2012AR641 1010210 S00WCJ,Y
ARRDCUL2,已下載,LF,獎勵金客戶設定檔 LF 2012AR641 1010213 S00WCJ,Y
ARRDCUL3,已下載,LF,獎勵金客戶設定檔 LF 2012AR641 1010213 S00WCJ,Y
ARRDMT,已下載,PF,獎勵金價格補助鋼種設定檔 2012AR641 1010210,Y
ARRDPD,已下載,PF,獎勵金產品大類設定檔 2015AR953 1040914 S00WCJ,Y
ARRDPR,已下載,PF,獎勵金單價設定檔 2012AR641 1010210 S00WCJ,Y
ARRDTL,已下載,PF,獎勵金補助明細檔檔 2015AR953 1040914 S00WCJ,Y
ARRDTLL1,已下載,LF,獎勵金補助明細檔檔 LF 2012AR641 1010214 S0WCJ,Y
ARRDTLL2,已下載,LF,獎勵金補助明細檔檔 LF 2012AR641 1010215 S0WCJ,Y
ARRETN,已下載,PF,營業退款檔  2012AR682  1010918 S00WCJ,Y
ARRETNL1,已下載,LF,營業退款檔 (LF01) 依退款日期,Y
ARRETNL2,已下載,LF,營業退款檔 (LF02) 依客戶代號,Y
ARRETNL3,已下載,LF,營業退款檔 (LF01) 依退款日期  1030218 S00WCJ,Y
ARRETNX,已下載,PF,營業退款檔－傳輸用  2012AR682  1010918 S00WCJ,Y
ARR001F,已下載,PF,請款單列印暫時檔 2020AR00046 1090924 S00WCJ,Y
ARR001G,已下載,PF,請款發票列印 LOG 檔 2023AR00042 1120920 S00WCJ,Y
ARR001N,已下載,PF,請款單下傳檔,Y
ARR001S,已下載,DSPF,請款單列印畫面,Y
ARR001T,已下載,PRTF,請款單列印格式 2020AR00046 1090923 S00WCJ,Y
ARR001TX,已下載,PRTF,請款單列印格式─傳真 FAX400V2,Y
ARR002S,已下載,DSPF,列印業務員別請款明細表,Y
ARR003S,已下載,DSPF,預收貨款於餘額明細表,Y
ARR004S,已下載,DSPF,客戶別訂單餘額明細表,Y
ARR005S,已下載,DSPF,訂單應收帳款發票明細表,Y
ARR006S,已下載,DSPF,電子計算機統一發票－依號碼                 no use,Y
ARR007S,已下載,DSPF,電子計算機統一發票－依日期                 no use,Y
ARR008S,已下載,DSPF,應收帳款明細表（含未開發票）,Y
ARR008ST,已下載,DSPF,外銷應收帳款明細表,Y
ARR008TS,已下載,PRTF,外銷應收帳款明細表,Y
ARR009S,已下載,DSPF,應收帳款帳齡分析表（含未開發票）,Y
ARR010S,已下載,DSPF,應收帳款核對表                             no use,Y
ARR011S,已下載,DSPF,票據託收明細表 2024AR00005 1130119 S00WCJ,Y
ARR012S,已下載,DSPF,票據兌現日報表,Y
ARR013S,已下載,DSPF,票據異動明細表,Y
ARR014S,已下載,DSPF,客戶別應收票據明細表,Y
ARR015S,已下載,DSPF,保證票據明細表,Y
ARR016S,已下載,DSPF,票據票齡分析表,Y
ARR017S,已下載,DSPF,到期日應收票據明細表,Y
ARR018S,已下載,DSPF,當日託收銀行票據明細表,Y
ARR019S,已下載,DSPF,到期日票據明細表,Y
ARR020S,已下載,DSPF,票據資料挑選報表,Y
ARR020T,已下載,PRTF,票據資料挑選報表,Y
ARR022S,已下載,DSPF,銀行帳戶一覽表,Y
ARR023S,已下載,DSPF,銀行代號名稱對照表,Y
ARR024S,已下載,DSPF,資金代號名稱對照表,Y
ARR031S,已下載,DSPF,列印客戶請領款提示表,Y
ARR032S,已下載,DSPF,銷項統一發票明細表列印,Y
ARR033S,已下載,DSPF,銷退或折讓證明單列印,Y
ARR033T,已下載,PRTF,銷貨折讓依鋼種尺寸長度分攤檢核表  2017AR10,Y
ARR034S,已下載,DSPF,銷貨調整通知單明細表,Y
ARR035F,已下載,PF,當月開立發票明細表 ( 暫存檔 ),Y
ARR035S,已下載,DSPF,當月開立發票明細表  1120901 S00WCJ,Y
ARR036F,已下載,PF,未開立發票資料下傳專用   2015AR953 1040914 S00WCJ,Y
ARR036S1,已下載,DSPF,未開立發票明細表  2023AR00029 1120515 S00WCJ,Y
ARR036T,已下載,PRTF,未開立發票明細表  2019AR00016 1080903 S00WCJ,Y
ARR038S,已下載,DSPF,折讓開立未簽回明細表   2013AR730 1020221 S00WCJ,Y
ARR039S,已下載,DSPF,出貨日報表（代傳票）,Y
ARR039SU,已下載,DSPF,出貨日報表（代傳票） 2010AR530 991011 S00WCJ,Y
ARR040S,已下載,DSPF,發票作廢明細表,Y
ARR041S,已下載,DSPF,收款明細表,Y
ARR042S,已下載,DSPF,收款沖銷明細表,Y
ARR043S,已下載,DSPF,應收帳款及未兌現明細表 2012AR698 1011105 S00WCJ,Y
ARR044S,已下載,DSPF,發票作廢統計表    2010AR517 990902 S00WCJ,Y
ARR045S,已下載,DSPF,客戶別預收票據未兌現明細表,Y
ARR046S,已下載,DSPF,預收貨款未繳款未兌現明細表,Y
ARR047S,已下載,DSPF,票期分析表,Y
ARR048S,已下載,DSPF,預收票期分析表,Y
ARR049S,已下載,DSPF,發票與磅單金額差異計算表,Y
ARR051F,已下載,PF,折讓開立簽回明細 ( 整月 ) FOR DOWNLOAD 反傾銷,Y
ARR051S,已下載,DSPF,折讓開立簽回明細表   1090811 S00WCJ,Y
ARR052S,已下載,DSPF,銷貨彙總表 1120918 S00WCJ,Y
ARR054S,已下載,DSPF,應收帳款明細表（含未開發票）,Y
ARR055S,已下載,DSPF,部門別繳款明細表（業務）,Y
ARR056S,已下載,DSPF,未開發票磅單明細表（含未開發票）,Y
ARR061S,已下載,DSPF,930602 舊版獎金,Y
ARR061T,已下載,PRTF,逾齡應收帳款明細表,Y
ARR062S,已下載,DSPF,客戶銷貨折讓明細表,Y
ARR063TP,已下載,PRTF,發票列印分類檢核表,Y
ARR064S,已下載,DSPF,每月開立發票彙總表,Y
ARR065S,已下載,DSPF,訂單銷貨發票明細號碼,Y
ARR065T1,已下載,PRTF,工程合約銷貨明細表                         no use,Y
ARR065T2,已下載,PRTF,工程合約開立發票明細表                     no use,Y
ARR066S,已下載,DSPF,地磅與營業銷貨重之差異分析畫面,Y
ARR067S,已下載,DSPF,日期客戶別磅單重差異分析畫面,Y
ARR068S,已下載,DSPF,訂單別繳款明細表,Y
ARR068T,已下載,PRTF,訂單別繳款明細表                               OK,Y
ARR069F,已下載,PF,訂單別出貨及發票明細表 1081008 S00WCJ,Y
ARR069F1,已下載,PF,訂單別出貨及發票明細表 FOR DOWNLOAD  2015AR953,Y
ARR069L1,已下載,LF,訂單別出貨及發票明細表 1081008 S00WCJ,Y
ARR069S,已下載,DSPF,訂單別出貨及發票明細表 2024AR00027 1130809 S00WCJ,Y
ARR069S1,已下載,DSPF,訂單別出貨及發票明細表挑選磅單列印 2015AR938,Y
ARR069T,已下載,PRTF,訂單別出貨及發票明細表 1081008 S00WCJ,Y
ARR070S,已下載,DSPF,營業繳款未過入財會明細表畫面 2018AR00024 1071029,Y
ARR070SA,已下載,DSPF,營業繳款未過入財會明細表畫面（財會用）,Y
ARR070T,已下載,PRTF,營業繳款未過入財會明細表  2013AR783 1021118,Y
ARR071S,已下載,DSPF,營業繳款未確認明細表畫面,Y
ARR071T,已下載,PRTF,營業繳款未確認明細表  2012AR682 1010925 S00WCJ,Y
ARR072S,已下載,DSPF,客戶別各廠成品出貨數量表（畫面）,Y
ARR072T,已下載,PRTF,客戶別各廠成品出貨數量表（依月份）,Y
ARR072T1,已下載,PRTF,客戶別各廠成品出貨數量表（依客戶）,Y
ARR073S,已下載,DSPF,營業繳款已過入財會明細表畫面,Y
ARR073T,已下載,PRTF,營業繳款已過入財會明細表  2012AR682  1010925,Y
ARR074F,已下載,PF,鋼筋型鋼廠別應收明細表暫存檔  2015AR953 1040914,Y
ARR074S,已下載,DSPF,鋼筋型鋼廠別應收明細表畫面,Y
ARR074T,已下載,PRTF,鋼筋型鋼廠別應收明細表,Y
ARR075S,已下載,DSPF,新版發票列印作業（畫面） 2020AR00017 1090414,Y
ARR075T,已下載,PRTF,新版發票列印錯誤清單,Y
ARR076S,已下載,DSPF,銷貨帳款帳齡分析彙總表－畫面,Y
ARR076T,已下載,PRTF,銷貨帳款帳齡分析彙總表,Y
ARR077S,已下載,DSPF,銷貨帳款客戶帳齡分析表－畫面,Y
ARR077T,已下載,PRTF,銷貨帳款客戶帳齡分析表,Y
ARR078S,已下載,DSPF,銷貨帳款每日應收明細表－畫面,Y
ARR078T,已下載,PRTF,銷貨帳款每日應收明細表,Y
ARR079S,已下載,DSPF,應收帳款帳齡分析表－畫面,Y
ARR079T,已下載,PRTF,應收帳款帳齡分析表,Y
ARR080F,已下載,PF,發票與銷貨金額差異表 (WORKFILE)  2015AR953,Y
ARR080S,已下載,DSPF,發票與銷貨金額差異表－畫面,Y
ARR080T,已下載,PRTF,發票與銷貨金額差異表  2015AR953 1041005 S00WCJ,Y
ARR081S,已下載,DSPF,信用狀押匯提示表－畫面,Y
ARR081T,已下載,PRTF,信用狀押匯提示表 2023AR00031 1120615 S00WCJ,Y
ARR082F,已下載,PF,財務用應收款項月報表 2022AR00050 1111121 S00WCJ,Y
ARR082S,已下載,DSPF,財務用應收款項月報表 2022AR00050 1111117 S00WCJ,Y
ARR082T,已下載,PRTF,財務用應收款項月報表 2022AR00050 1111117 S00WCJ,Y
ARR082T1,已下載,PRTF,財務用應收款項月報表─日期超過 25 日 2022AR00050,Y
ARR083S,已下載,DSPF,預收貨款增減明細表 ( 畫面 ),Y
ARR083T,已下載,PRTF,預收貨款增減明細表,Y
ARR084F,已下載,PF,前期出貨本期開立發票明細工作檔  2019AR00017,Y
ARR084F1,已下載,PF,前期出貨本期開立發票磅單重複工作檔 2019AR00017,Y
ARR084S,已下載,DSPF,前期出貨本期開立發票明細表 2023AR00022 1120503,Y
ARR084SX,已下載,DSPF,前期出貨本期開立發票明細表     FOR  反傾銷,Y
ARR084T,已下載,PRTF,前期出貨本月開立發票明細表  2019AR00017 1080711,Y
ARR085S,已下載,DSPF,本廠出貨他廠開立發票明細表 2023AR00022 1120503,Y
ARR085T,已下載,PRTF,本廠出貨他廠開立發票明細表 1100603 S00WCJ,Y
ARR086S,已下載,DSPF,現金流量預估明細表,Y
ARR086T,已下載,PRTF,現金流量預估明細表,Y
ARR087S,已下載,DSPF,專案退稅明細表 2023AR00022 1120503 S00WCJ,Y
ARR087T,已下載,PRTF,專案退稅明細表                  930127,Y
ARR088S,已下載,DSPF,應收發票明細表 ( 查帳用 ),Y
ARR088T,已下載,PRTF,應收發票明細表 ( 查帳用 ),Y
ARR089S,已下載,DSPF,外購成品出貨明細表  2015AR953 1041005 S00WCJ,Y
ARR089T1,已下載,PRTF,外購成品出貨明細表 - 日期別 2015AR953 1041005,Y
ARR089T2,已下載,PRTF,外購成品出貨明細表 - 品名別  2015AR953 1041005,Y
ARR090S,已下載,DSPF,客戶訂單別每月應收帳款明細表                  .,Y
ARR090T,已下載,PRTF,客戶訂單別每月應收帳款明細表                  .,Y
ARR091S,已下載,DSPF,應收款項檢核表,Y
ARR091T,已下載,PRTF,應收款項檢核表 - 應收帳款檢核,Y
ARR092F,已下載,PF,現金流出入客戶預估工作檔 (FOR  型板 ),Y
ARR093F,已下載,PF,應收帳款承購客戶請款單開立 ( 暫存檔 ),Y
ARR093T,已下載,PRTF,應收帳款承購客戶請款單開立 ( 請款單列印 ),Y
ARR094S,已下載,DSPF,進倉履約折讓自動處理 - 呈核表畫面 1080402 S00WCJ,Y
ARR094T,已下載,PRTF,進倉履約折讓自動處理 - 呈核表  2015AR953 1041007,Y
ARR094T1,已下載,PRTF,進倉履約折讓自動處理 - 檢核表  2015AR953 1041007,Y
ARR095F,已下載,PF,訂單別銷貨分析表暫存檔,Y
ARR096F,已下載,PF,訂單別記帳出貨暫存檔,Y
ARR096S,已下載,DSPF,訂單別記帳出貨明細表畫面,Y
ARR096T,已下載,PRTF,訂單別記帳出貨明細表,Y
ARR097F,已下載,PF,應收帳款明細表（查帳用）暫存,Y
ARR097S,已下載,DSPF,應收帳款明細表（查帳用）,Y
ARR097T,已下載,PRTF,應收帳款明細表（查帳用）,Y
ARR098F1,已下載,PF,自製銷貨明細表  ( 暫存檔 )  2015AR953 1040914,Y
ARR098S,已下載,DSPF,自製出貨明細表,Y
ARR098T,已下載,PRTF,自製出貨明細表 1041007  2015AR953 S00WCJ,Y
ARR099S,已下載,DSPF,應收帳款承購（ e-factoring ）繳款呈核表,Y
ARR099T,已下載,PRTF,應收帳款承購（ e-factoring ）繳款呈核表  961107,Y
ARR100S,已下載,DSPF,應收帳款承購 (e-factoring) 已承購未結案發票明細,Y
ARR100T,已下載,PRTF,應收帳款承購 (e-factoring) 已承購未結案發票明細,Y
ARR101F,已下載,PF,應收帳款承購 (e-factoring) 發票異常檢核表,Y
ARR101S,已下載,DSPF,應收帳款承購 (e-factoring) 發票異常檢核表,Y
ARR101SB,已下載,DSPF,應收帳款承購 (e-factoring) 發票異常檢核表,Y
ARR101T,已下載,PRTF,應收帳款承購 (e-factoring) 發票異常檢核表,Y
ARR101T1,已下載,PRTF,應收帳款承購 (e-factoring) 發票異常檢核表  AR953,Y
ARR102S,已下載,DSPF,補運費發票開立檢核表,Y
ARR102T,已下載,PRTF,補運費發票開立檢核表,Y
ARR103F,已下載,PF,跨年度發票作廢統計表,Y
ARR103S,已下載,DSPF,跨年度發票作廢統計表,Y
ARR103T,已下載,PRTF,跨年度發票作廢統計表,Y
ARR104F,已下載,PF,應收帳款承購 (E-FACTORING) 發票作廢重開檢核表,Y
ARR104S,已下載,DSPF,應收帳款承購 (E-FACTORING) 發票作廢重開檢核表,Y
ARR104T,已下載,PRTF,應收帳款承購 (E-FACTORING) 發票作廢重開檢核表,Y
ARR105F,已下載,PF,應收帳款承購狀況彙總表（統計資料）,Y
ARR105S,已下載,DSPF,應收帳款承購狀況彙總表,Y
ARR105T,已下載,PRTF,應收帳款承購狀況彙總表（ FOR 財會）,Y
ARR105TB,已下載,PRTF,應收帳款承購狀況彙總表（ FOR 營業）,Y
ARR106S,已下載,DSPF,應收帳款承購客戶其他應收明細表,Y
ARR106T,已下載,PRTF,應收帳款承購客戶其他應收明細表,Y
ARR107F,已下載,PF,應收帳款承購 (E-FACTOTING) 託收票據明細表,Y
ARR107S,已下載,DSPF,應收帳款承購 (E-FACTOTING) 託收票據明細表,Y
ARR107T,已下載,PRTF,應收帳款承購 (E-FACTOTING) 託收票據明細表 961107,Y
ARR108S,已下載,DSPF,銷貨調整單開立發票明細表 2023AR00028 1120512,Y
ARR108T,已下載,PRTF,銷貨調整單開立發票明細表 1130815 S00WCJ,Y
ARR108TX,已下載,PRTF,銷貨調整單開立發票明細表,Y
ARR108T1,已下載,PRTF,銷貨調整單開立發票彙總表 1130815 S00WCJ,Y
ARR109S,已下載,DSPF,客戶暫收貨款餘額明細表（營業） 2010AR508 990730,Y
ARR109T,已下載,PRTF,客戶暫收貨款餘額明細表（營業）,Y
ARR110S,已下載,DSPF,應收帳款發票異常檢核表,Y
ARR110T,已下載,PRTF,應收帳款發票異常檢核表,Y
ARR111S,已下載,DSPF,應收帳款帳齡分析表（不含票據繳款）,Y
ARR111T,已下載,PRTF,應收帳款帳齡分析表（不含票據繳款）,Y
ARR112S,已下載,DSPF,應收帳款帳齡分析表（不含票據繳款）,Y
ARR112T,已下載,PRTF,應收帳款帳齡分析表（不含票據繳款）,Y
ARR113F,已下載,PF,發票折扣核對清單（暫存訂單編號）,Y
ARR113S,已下載,DSPF,發票折扣核對清單,Y
ARR113T,已下載,PRTF,發票折扣核對清單（明細表）,Y
ARR113TA,已下載,PRTF,發票折扣依磅單分攤金額檢核表  2014AR796 1030121,Y
ARR113T1,已下載,PRTF,發票折扣核對清單（彙總表）,Y
ARR114F,已下載,PF,已確認折讓單統計表（含銷折／銷退／預收）,Y
ARR114S,已下載,DSPF,已確認折讓單統計表（含銷折／銷退／預收 23AR00034,Y
ARR114TA,已下載,PRTF,已確認折讓單統計表（含銷折／銷退／預收）－明細表,Y
ARR114TB,已下載,PRTF,已確認折讓單統計表（含銷折／銷退／預收）－彙總表,Y
ARR115S,已下載,DSPF,銷貨調整通知單 2020AR00017 1090414 S00WCJ,Y
ARR115T,已下載,PRTF,銷貨調整通知單  2022AR00026 1110530 S00WCJ,Y
ARR116F,已下載,PF,請款別出貨及發票明細表─ＦＯＲ型鋼 2015AR953,Y
ARR116S,已下載,DSPF,請款別出貨及發票明細表─ＦＯＲ型鋼,Y
ARR116T1,已下載,PRTF,請款別出貨及發票明細表─ＦＯＲ型鋼（請款別）,Y
ARR116T2,已下載,PRTF,請款別出貨及發票明細表─ＦＯＲ型鋼（客戶別）,Y
ARR116T3,已下載,PRTF,請款別出貨及發票明細表─ＦＯＲ型鋼（繳款別）,Y
ARR117S,已下載,DSPF,營業退款未過入財會明細表,Y
ARR117T,已下載,PRTF,營業繳款未過入財會明細表 2012AR682 1010925 S00WCJ,Y
ARR118F,已下載,PF,應收票據資負同在查核明細表  2012AR682 1010918,Y
ARR118S,已下載,DSPF,應收票據資負同在查核明細表,Y
ARR118T,已下載,PRTF,應收票據資負同在查核明細表  2012AR682 1010925,Y
ARR119S,已下載,DSPF,折讓單開立統計表,Y
ARR119T,已下載,PRTF,折讓單開立統計表  2015AR953  1041008  S00WCJ,Y
ARR120F,已下載,PF,型鋼折讓資負同在查核明細表－暫存,Y
ARR120F1,已下載,PF,型鋼折讓資負同在查核明細表－傳票資料,Y
ARR120S,已下載,DSPF,型鋼折讓資負同在查核明細表,Y
ARR120T,已下載,PRTF,型鋼折讓資負同在查核明細表,Y
ARR121F,已下載,PF,客戶別押匯明細表,Y
ARR121S,已下載,DSPF,客戶別押匯明細表,Y
ARR121T,已下載,PRTF,客戶別押匯明細表,Y
ARR122S,已下載,DSPF,未開立發票明細表－即時 2023AR00029 1120515 S00WCJ,Y
ARR122T,已下載,PRTF,未開立發票明細表－即時  2015AR953 1041008 S00WCJ,Y
ARR123F,已下載,PF,客戶銷售排行榜（財會用）－暫存檔,Y
ARR123S,已下載,DSPF,客戶銷售排行榜（財會用）,Y
ARR123T,已下載,PRTF,客戶銷售排行榜（財會用）,Y
ARR124F,已下載,PF,客戶暫收款統計彙總檔 ( 財會 & 營業 ),Y
ARR124S,已下載,DSPF,客戶暫收款餘額核對清單,Y
ARR124T,已下載,PRTF,客戶暫收款餘額核對清單,Y
ARR125F,已下載,PF,廠區別隨車折扣明細檔 ( 暫存 )  2015AR953 1040914,Y
ARR125S,已下載,DSPF,廠區別隨車折扣明細表 - 畫面,Y
ARR125T1,已下載,PRTF,廠區別隨車折扣明細表 - 依大類,Y
ARR125T2,已下載,PRTF,廠區別隨車折扣明細表 - 依品名,Y
ARR126F,已下載,PF,期後收回應收帳款明細表  2012AR682  1010918 S00WCJ,Y
ARR126S,已下載,DSPF,期後收回應收帳款明細表,Y
ARR126T,已下載,PRTF,期後收回應收帳款明細表   2012AR682 1010925 S00WCJ,Y
ARR127S,已下載,DSPF,外銷銷貨差異明細表,Y
ARR127T1,已下載,PRTF,外銷銷貨差異明細表,Y
ARR127T2,已下載,PRTF,外銷銷貨差異明細表,Y
ARR128F,已下載,PF,傳票資料暫存檔,Y
ARR128T,已下載,PRTF,銷貨折讓發票資料明細表,Y
ARR129F,已下載,PF,銷貨調整單開立發票彙總暫存檔 1130603 S00WCJ,Y
ARR129F1,已下載,PF,銷貨調整單開立發票彙總暫存檔   2015AR953 1040914,Y
ARR129S,已下載,DSPF,銷貨調整單開立發票彙總表 2021AR00051 1101216,Y
ARR129T,已下載,PRTF,銷貨調整單開立發票彙總表 2021AR00051 1101216,Y
ARR130S,已下載,DSPF,已開發票押匯狀況彙總表 - 畫面,Y
ARR130T1,已下載,PRTF,已開發票押匯狀況彙總表 - 報表,Y
ARR130T2,已下載,PRTF,已開發票押匯狀況彙總表 - 報表,Y
ARR131F1,已下載,PF,外銷出口報單核對明細暫存檔,Y
ARR131F2,已下載,PF,外銷出口報單核對彙總暫存檔,Y
ARR131S,已下載,DSPF,外銷出口報單核對明細表,Y
ARR131T,已下載,PRTF,外銷出口報單核對明細表,Y
ARR132F,已下載,PF,訂單別出貨及發票明細表 - 東鋼構  2015AR953,Y
ARR132S,已下載,DSPF,訂單別出貨及發票明細表 - 東鋼構,Y
ARR132T,已下載,PRTF,訂單別出貨及發票明細表 - 東鋼構  2015AR953,Y
ARR133F,已下載,PF,客戶預收貨款核對明細暫存檔,Y
ARR133S,已下載,DSPF,客戶預收貨款核對明細表,Y
ARR133T,已下載,PRTF,客戶預收貨款核對明細表,Y
ARR134F,已下載,PF,折讓開立簽回彙總表（含銷折／銷退／預收）,Y
ARR134S,已下載,DSPF,折讓開立簽回彙總表（含銷折／銷退／預收）,Y
ARR134T,已下載,PRTF,折讓開立簽回彙總表（含銷折／銷退／預收）－彙總表,Y
ARR135F,已下載,PF,新桃工程自用發票開立明細檔  2015AR953 1040914,Y
ARR135S,已下載,DSPF,新桃工程自用發票開立明細表,Y
ARR135T,已下載,PRTF,新桃工程自用發票開立明細表,Y
ARR136F,已下載,PF,銷貨發票開立方式一覽表暫存檔 2023AR00056 1130122,Y
ARR136S,已下載,DSPF,銷貨發票開立方式一覽表 2023AR00056 1130122 S00WCJ,Y
ARR136T,已下載,PRTF,銷貨發票開立方式一覽表 2023AR00056 1130122 S00WCJ,Y
ARR137S,已下載,DSPF,發票號碼檢核總表  2011AR636 1001215 S00WCJ,Y
ARR137T,已下載,PRTF,發票號碼檢核總表  2011AR636 1001215 S00WCJ,Y
ARR138S,已下載,DSPF,營業發票作廢彙總表  1130103 S00WCJ,Y
ARR138T,已下載,PRTF,營業發票作廢彙總表  2013AR731 1020301 S00WCJ,Y
ARR140F,已下載,PF,銷貨查帳報告下載檔  2014AR854 1030804 S00WCJ,Y
ARR140S,已下載,DSPF,銷貨查帳報告下載作業 2014AR854 1030804 S00WCJ,Y
ARR142F,已下載,PF,折讓開立分攤未確認工作檔 1051212  S00WCJ,Y
ARR142F1,已下載,PF,折讓開立分攤未確認工作檔 2024AR00009 1130226,Y
ARR142S,已下載,DSPF,折讓開立鋼種分攤未確認檢核表  2016AR931 1051209,Y
ARR142T,已下載,PRTF,折讓開立鋼種分攤未確認檢核表  2017AR10   1060502,Y
ARR143F,已下載,PF,客戶平均收款日彙總檔  1050902 S00WCJ,Y
ARR143F1,已下載,PF,客戶平均收款日明細檔  1050902 S00WCJ,Y
ARR145S,已下載,DSPF,外銷應收帳款查詢報表 2019AR00053 1080802 S00WCJ,Y
ARR145T,已下載,PRTF,外銷應收帳款查詢報表 2019AR00053 1080802 S00WCJ,Y
ARR147F,已下載,PF,訂單別出貨統計表─交貨地點  暫存檔 2024AR00015,Y
ARR147S,已下載,DSPF,訂單別出貨統計表─交貨地點 2024AR00015 1130424,Y
ARR147T,已下載,PRTF,訂單別出貨統計彙總表─交貨地點 2024AR00015,Y
ARR147T1,已下載,PRTF,訂單別出貨統計明細表─交貨地點 2024AR00015,Y
ARR150F,已下載,PF,勤美公司出貨補價差統計表工作檔 2018AR1126 1070126,Y
ARR150FL,已下載,LF,勤美公司出貨補價差統計表工作檔 2018AR1126 1070129,Y
ARR150F1,已下載,PF,勤美公司出貨補價差訂單設定檔  2018AR1126 1070126,Y
ARR150S,已下載,DSPF,勤美公司出貨補價差統計表 2018AR1126 1070126,Y
ARR150T,已下載,PRTF,勤美公司出貨補價差統計表 2018AR1126 1070126,Y
ARSAID,已下載,PF,業務員基本資料檔,Y
ARSAIDL1,已下載,LF,業務員基本資料檔,Y
ARSAII,已下載,PF,業務員基本資料檔介面檔  2023AR00043 1120926,Y
ARSAIIG,已下載,PF,業務員基本資料檔介面檔 LOG 檔 2023AR00043 1120927,Y
ARSAIIL1,已下載,LF,業務員基本資料介面檔 LF 2023AR00043 1120926,Y
ARSMDW,已下載,PF,電子商務 - 委送單異動記錄主檔  for SQL 2015AR953,Y
ARSRAE,已下載,PF,折讓單沖銷檔   2014AR845 1030618  S00WCJ,Y
ARSRAEL1,已下載,LF,折讓單沖銷檔   2014AR845 1030630 S00WCJ,Y
ARSRAEL2,已下載,LF,折讓單沖銷檔   2014AR845  1030709 S00WCJ,Y
ARSRAEW,已下載,PF,折讓單沖銷檔  傳輸檔 2014AR845 1030618  S00WCJ,Y
ARSTAT,已下載,PF,應收帳款統計檔,Y
ARSTATL1,已下載,LF,應收帳款統計檔 (LF01),Y
ARSTTX,已下載,PF,銷貨帳款應收彙總－銷貨應收狀況,Y
ARSTTXL1,已下載,LF,銷貨帳款應收彙總－銷貨應收狀況－部門＋客訂,Y
ARSTWF,已下載,PF,應收帳款每月結帳資料,Y
ARSTWF1,已下載,PF,應收帳款每月結帳資料,Y
ARS000,已下載,DSPF,應收帳款作業（營業部）,Y
ARS001S,已下載,DSPF,電子發票重印、補印作業 WINDOWS RSTDSP(*YES),Y
ARS010,已下載,DSPF,單據輸入、更正及清單列印（營業部）,Y
ARS020,已下載,DSPF,開立發票作業（營業部）,Y
ARS021,已下載,DSPF,開立發票作業（營業部）續一,Y
ARS030,已下載,DSPF,開立請款單作業（營業部）,Y
ARS040,已下載,DSPF,資料查詢作業（營業部）,Y
ARS050,已下載,DSPF,管理報表列印（營業部）,Y
ARS051,已下載,DSPF,管理報表列印（營業部）續一,Y
ARS060,已下載,DSPF,預收貨款作業（營業部）,Y
ARS080,已下載,DSPF,三角貿易作業（營業部）,Y
ARS090,已下載,DSPF,應收帳款異常處理作業（營業部） 2010AR555 991201,Y
ARS100,已下載,DSPF,應收帳款作業（財會部）,Y
ARS110,已下載,DSPF,基本資料建檔及清冊列印（財會部）,Y
ARS120,已下載,DSPF,單據輸入、更正及清單列印（財會部）,Y
ARS121,已下載,DSPF,單據輸入、更正及清單列印（財會部）（續一）,Y
ARS130,已下載,DSPF,票據託收處理（財會部）,Y
ARS140,已下載,DSPF,票據兌現處理（財會部）,Y
ARS150,已下載,DSPF,傳票代開作業（財會部）,Y
ARS160,已下載,DSPF,資料查詢作業（財會部）,Y
ARS170,已下載,DSPF,管理報表列印（一）（財會部） 2022AR00050 111123,Y
ARS180,已下載,DSPF,管理報表列印（二）（財會部）,Y
ARS201S,已下載,DSPF,區間發票試算訂單查詢試算單號副程式 WIN STDSP(*YES,Y
ARS202S,已下載,DSPF,折讓單區間列印副程式 WINDOWS RSTDSP(*YES),Y
ARS999,已下載,DSPF,應收帳款作業（財會部）,Y
ARTFIT,已下載,PF,運費檔平均單價檔  2015AR953 1040914 S00WCJ,Y
ARTFITX,已下載,PF,運費檔平均單價檔 workfile,Y
ARTRLG,已下載,PF,折讓單註銷記錄檔 2018AR00030 1071123 S00WCJ,Y
ARTXDW,已下載,PF,電子商務 - 應收帳款銷貨明細檔下載 2015AR953,Y
ARTXDWG,已下載,PF,電子商務 - 應收帳款銷貨明細檔下載  備份檔 1070202,Y
ARTYPE,已下載,PF,反傾銷實際尺寸對照檔,Y
ARVRDW,已下載,PF,電子商務 -  成品磅單明細檔  2015AR953 1040914,Y
ARWF02,已下載,PF,代開傳票使用　 2015AR953 1040914 S00WCJ,Y
ARWF02L1,已下載,LF,發票明細檔 (LF01),Y
ARX1,已下載,PF,繳款明細檔 (DH043),Y
ARX2,已下載,PF,發票主檔 (DH043),Y
AR1WF1,已下載,PF,列印統一發票明細表使用　        未擴檔,Y
AR2159D,已下載,PF,客戶暫收款統計檔 - 訂單 - 營業 2010AR434 LVL(*NO),Y
AR2159DL,已下載,LF,客戶暫收款統計檔   2011AR624 1000818 S00WCJ,Y
AR2159F,已下載,PF,客戶暫收款統計檔 ( 營業 )  2010AR434  LVLCHK(*NO),Y
AR2159T,已下載,PF,轉暫收手切傳票檔,Y
AR2159TX,已下載,PF,轉暫收手切傳票檔 WORKFILE,Y
AR2159X,已下載,PF,客戶暫收款統計檔 ( 財會 ),Y
ATT1S,已下載,DSPF,應收帳款－營業部主ＭＥＮＵ,Y
BALFT,已下載,PF,客戶預收貨款餘暫存檔,Y
BANKAC,已下載,PF,往來帳號檔                      免擴檔,Y
BANKID,已下載,PF,往來銀行檔                      免擴檔,Y
BANKL1,已下載,LF,,Y
CAPTAL,已下載,PF,資金代號檔                      未使用,Y
CNV013T,已下載,PRTF,應收統計已開發票錯誤清單,Y
CNV030S,已下載,DSPF,應收帳款明細表處理（畫面）,Y
CURCPR,已下載,PF,客戶請領款提示檔,Y
CURCPRL1,已下載,LF,客戶請領款提示檔 (LF01),Y
DELDTL,已下載,PF,發票作廢記錄明細檔  2015AR953 1040914 S00WCJ,Y
DELDTLX,已下載,PF,發票作廢記錄明細檔 ( 傳輸用 )  2015AR953 1040914,Y
DELMST,已下載,PF,發票作廢記錄主檔,Y
DELMSTL1,已下載,LF,發票作廢記錄主檔 (LF01),Y
DELMSTX,已下載,PF,發票作廢記錄主檔 ( 傳輸用 ),Y
DISDTL,已下載,PF,進倉履約折讓紀錄明細檔  2015AR953 1040914 S00WCJ,Y
DISDTLL1,已下載,LF,進倉履約折讓紀錄明細檔 ( 發票號碼 ),Y
DISDTLL2,已下載,LF,進倉履約折讓紀錄明細檔 1030206 S00WCJ,Y
DISDTW,已下載,PF,進倉履約折讓紀錄明細檔 2015AR953 1040914 S00WCJ,Y
DISLOG,已下載,PF,電子商務 -- 折讓銷退下載ＬＯＧ檔 1080906 S00WCJ,Y
DISMST,已下載,PF,進倉履約折讓紀錄主檔  2015AR953 1040922 S00WCJ,Y
DISMSTL1,已下載,LF,進倉履約折讓紀錄主檔 (LF01),Y
DISMSW,已下載,PF,進倉履約折讓紀錄主檔工作暫存檔 2015AR953 1040922,Y
DISMSWL1,已下載,LF,進倉履約折讓紀錄主檔暫存檔 (LF01)  2013AR787,Y
GENSEQ,已下載,PF,號碼順序檔                      免擴檔,Y
INDLOG,已下載,PF,電子商務 -- 發票明細檔下載ＬＯＧ檔  2015AR953,Y
INEDIN,已下載,PF,電子發票作廢上送介面檔  2018AR1162 1070615 S00WCJ,Y
INEDING,已下載,PF,電子發票作廢上送介面檔 LOG 檔 1080509 LVLCHK*NO,Y
INEDINP,已下載,PF,電子發票作廢上送介面傳輸檔 2018AR1162 1070622,Y
INEDINT,已下載,PF,電子發票作廢上送介面傳輸檔 2018AR1162 1070622,Y
INEDTL,已下載,PF,電子發票上送介面明細檔  2018AR1162 1070614 S00WCJ,Y
INEDTLG,已下載,PF,電子發票上送介面明細檔 LOG 檔 1080509 LVLCHK*NO,Y
INEDTLL1,已下載,LF,電子發票上送介面明細檔 LF 1080121 S00WCJ,Y
INEDTLP,已下載,PF,電子發票上送介面明細傳輸檔 2018AR1162 1070629,Y
INEDTLT,已下載,PF,電子發票上送介面明細傳輸檔 2018AR1162 1070629,Y
INEENB,已下載,PF,電子發票配號檔  1080108 S00WCJ,Y
INEENBG,已下載,PF,電子發票配號檔  1080509 S00WCJ LVLCHK*NO,Y
INEMST,已下載,PF,電子發票上送介面主檔  2018AR00038 1071214 S00WCJ,Y
INEMSTG,已下載,PF,電子發票上送介面主檔 LOG 檔 1080509 LVLCHK*NO,Y
INEMSTP,已下載,PF,電子發票上送介面主檔傳輸檔 2018AR00038 1071214,Y
INEMSTT,已下載,PF,電子發票上送介面主檔傳輸檔 2018AR00038 1071214,Y
INENBU,已下載,PF,電子發票空白未使用字軌檔  2018AR1162 1070615,Y
INENBUG,已下載,PF,電子發票空白未使用字軌檔 LOG 檔 1080509 LVLCHK*NO,Y
INENBUP,已下載,PF,電子發票空白未使用字軌傳輸檔 2018AR1162 1070704,Y
INENBUT,已下載,PF,電子發票空白未使用字軌傳輸檔 2018AR1162 1070704,Y
INENRB,已下載,PF,電子發票分支機構配號檔  2018AR1162 1070615 S00WCJ,Y
INENRBG,已下載,PF,電子發票分支機構配號檔 LOG 檔 1080509 LVLCHK*NO,Y
INENRBP,已下載,PF,電子發票分支機構配號傳輸檔 2018AR1162 1070703,Y
INENRBT,已下載,PF,電子發票分支機構配號傳輸檔 2018AR1162 1070703,Y
INESEQ,已下載,PF,年度電子發票號碼記錄檔  2017AR1112 1070226 S00WCJ,Y
INESEQT,已下載,PF,年度電子發票號碼記錄檔  2018AR00038 1071220,Y
INETRN,已下載,PF,電子發票折讓單上送介面檔 1071224 S00WCJ,Y
INETRNG,已下載,PF,電子發票折讓單上送介面檔 LOG 檔 1080509 LVLCHK*NO,Y
INMLOG,已下載,PF,電子商務 -- 發票主檔下載ＬＯＧ檔,Y
INVCUT,已下載,PF,發票列印檔（依業務廠區）,Y
INVDTL,已下載,PF,發票明細檔    2018AR00042 1071222 LVLCHK(*NO),Y
INVDTLG,已下載,PF,發票明細檔 LOG 檔 2019AR00078 1081212 S00WCJ,Y
INVDTLL1,已下載,LF,發票明細檔 (LF01)   LVLCHK(*NO),Y
INVDTLL2,已下載,LF,發票明細檔 (ivorno)  2018AR00042 LVLCHK(*NO),Y
INVDTLL3,已下載,LF,發票明細檔 (LF03)    2010AC309 990802 LVLCHK(*NO),Y
INVDTLL4,已下載,LF,發票明細檔 (LF04)  2010AR572 1000120 LVLCHK(*NO),Y
INVDTLL5,已下載,LF,發票明細檔 (LF05) 2018AR00042 1071225 S00WCJ,Y
INVDTPL3,已下載,LF,發票明細檔 (LF03)  2018AR00030 1071126 LVLCHK*NO,Y
INVDTTL,已下載,PF,發票明細檔 LOG 檔 2019AR00078 1081212 S00WCJ,Y
INVD99,已下載,PF,發票明細超過 99 項記錄檔 ~~ 勿刪 2018AR00042,Y
INVD99L1,已下載,LF,發票明細檔超過 99 項記錄檔 (LF01) 2018AR00042,Y
INVMST,已下載,PF,發票主檔,Y
INVMSTG,已下載,PF,發票主檔 LOG 檔  2019AR00078 1081212 S00WCJ,Y
INVMSTG1,已下載,PF,發票主檔 LOG 檔  請款單修改業務用 1121026 S00WCJ,Y
INVMSTL1,已下載,LF,發票主檔 (LF01)( 客戶┼請款┼日期 ),Y
INVMSTL2,已下載,LF,發票主檔 (LF02)( 訂單號碼＋發票號碼 ),Y
INVMSTL3,已下載,LF,發票主檔 (LF03)( 發票號碼＋發票類別 ),Y
INVMSTL4,已下載,LF,發票主檔 (LF04)( 發票日期＋發票號碼 ),Y
INVMSTL5,已下載,LF,發票主檔 (LF05)( 請款┼客戶┼日期 ),Y
INVMSTL6,已下載,LF,發票主檔 (LF06)( 訂單編號＋發票日期 ),Y
INVMSTL7,已下載,LF,發票主檔 (LF07)( 客戶┼繳款 ),Y
INVTFR,已下載,PF,發票轉出記錄檔  2018AR00042 1071222 S00WCJ,Y
INVTFRL1,已下載,LF,發票轉出記錄檔  轉出發票 LF 2018AR00042 1071225,Y
INVTLG,已下載,PF,開立跨月區間發票 LOG 檔  2013AR768 1020905 S00WCJ,Y
INVTRL,已下載,PF,區間發票試算調整檔  1080912 S00WCJ,Y
INVTRLG,已下載,PF,區間發票試算調整檔  1080911 S00WCJ,Y
INVTRLL1,已下載,LF,區間發票試算調整檔  1030924 S00WCJ,Y
INVTRLL2,已下載,LF,區間發票試算調整檔  2018AR1168 1070601 S00WCJ,Y
INVTRT,已下載,PF,區間發票試算調整備註說明檔  2013AR754 1020709,Y
RCADTL,已下載,PF,繳款沖銷明細檔  2018AR1155 1070516 LVLCHK(*NO),Y
RCVDTL,已下載,PF,繳款明細檔  2018AR1155 1070516  S00WCJ LVLCHK*NO,Y
RCVDTLLA,已下載,LF,繳款明細檔  繳款日期（營業繳款） 2012AR648 LVL*NO,Y
RCVDTLLB,已下載,LF,繳款明細檔  客戶編號（營業繳款） 2012AR648 LVL*NO,Y
RCVDTLLC,已下載,LF,繳款明細檔  業務代號（營業繳款） 2012AR648 LVL*NO,Y
RCVDTLLD,已下載,LF,繳款明細檔 (LF) 到期日期＋繳款單 2023AR00031,Y
RCVDTLL1,已下載,LF,繳款明細檔 (LF01)  繳款日期  LVLCHK(*NO),Y
RCVDTLL2,已下載,LF,繳款明細檔 (LF02)  到期日期  LVLCHK(*NO),Y
RCVDTLL3,已下載,LF,繳款明細檔 (LF03)  客戶編號  LVLCHK(*NO),Y
RCVDTLL4,已下載,LF,繳款明細檔 (LF04)  退回單號＋票據號碼 LVLCHK*NO,Y
RCVDTLL5,已下載,LF,繳款明細檔 (LF05)  票據號碼＋客戶編號 LVLCHK*NO,Y
RCVDTLL6,已下載,LF,繳款明細檔 (LF06)  繳款編號  LVLCHK(*NO),Y
RCVDTLL7,已下載,LF,繳款明細檔 (LF07)  繳款編號  LVLCHK(*NO),Y
RCVDTLL8,已下載,LF,繳款明細檔 (LF08)  繳款編號（營業繳款） LVLCHK*NO,Y
RCVDTLL9,已下載,LF,繳款明細檔 (LF09)  到期日期＋票據號碼 LVLCHK*NO,Y
RCVDTL10,已下載,LF,繳款明細檔 (LF10)  到期日＋票據號＋繳款號 LVL*NO,Y
RCVDTL6,已下載,LF,繳款明細檔 (LF02)  到期日期 2012AR682 LVLCHK(*NO),Y
RCVWF,已下載,PF,繳款明細檔（ｗｆ） 2012AR682  1010918 S00WCJ,Y
SARCVF,已下載,PF,營業繳款明細檔   2012AR682 1010918 S00WCJ,Y
SARCVFL1,已下載,LF,營業繳款明細檔 (LF01) 依繳款日期,Y
SARCVFL2,已下載,LF,營業繳款明細檔 (LF02) 依票據別及票據號碼,Y
SARCVFL3,已下載,LF,營業繳款明細檔 (LF03) 依客戶－未過財會暫收 AR682,Y
SARCVFL4,已下載,LF,營業繳款明細檔 (LF04) 依繳款日期＋繳款編號,Y
SARCVFL5,已下載,LF,營業繳款明細檔 (LF05) 依日期＋編號 2009AR370,Y
SARVIN,已下載,PF,營業繳款發票沖銷檔 2021AR00007 1100225 S00WCJ,Y
SARVINL1,已下載,LF,營業繳款發票沖銷檔 (LF01) 發票＋未過財會,Y
SARVINL2,已下載,LF,營業繳款發票沖銷檔 (LF02) 發票,Y
SARVINX,已下載,PF,營業繳款發票沖銷檔－依訂單計算外銷繳款用,Y
SARVOR,已下載,PF,營業外銷繳款磅單沖銷檔  2015AR953 1040916 S00WCJ,Y
SARVORL1,已下載,LF,營業繳款磅單沖銷檔 (LF01) 磅單＋未過財會,Y
SARVORL2,已下載,LF,營業繳款磅單沖銷檔 (LF02) 磅單＋訂單＋已過財會,Y
SARVORL3,已下載,LF,營業繳款磅單沖銷檔 (LF03) 訂單＋磅單  LVLCHK*NO,Y
SAVOUR,已下載,LF,磅單檔 LF,Y
TEST,已下載,MNUDDS,for test,Y
TESTQQ,已下載,MNUCMD,for test,Y
TNDLOG,已下載,PF,電子商務 -- 銷貨資料下載ＬＯＧ檔  2015AR953,Y
TNDLOGL1,已下載,LF,電子商務 -- 銷貨資料下載ＬＯＧ檔（ LF01),Y
TNDLOGL2,已下載,LF,電子商務 -- 銷貨資料下載ＬＯＧ檔（ LF02),Y
TREXPT,已下載,PF,扣抵外銷美國 12.5% 稅額上送介面檔 1070416,Y
TREXPTL1,已下載,LF,扣抵外銷美國 12.5% 稅額上送介面檔 1070717,Y
TRNDA6,已下載,PF,型鋼折讓資料上傳介面檔  2019AR00025 1080506,Y
TRNDA6G,已下載,PF,型鋼折讓資料上傳介面檔 LOG 檔  1080506 S00WCJ,Y
TRNDTL,已下載,PF,應收帳款銷貨明細檔  2015AR953  1040916 S00WCJ,Y
TRNDTLG,已下載,PF,應收帳款銷貨明細檔  LOG 2015AR953 1040916 S00WCJ,Y
TRNDTLG1,已下載,PF,應收帳款銷貨明細檔  LOG  請款單修改業務用 S00WCJ,Y
TRNDTLLA,已下載,LF,銷貨明細檔 (LF04)( 訂單別 )  2012AR707 1011211,Y
TRNDTLLB,已下載,LF,銷貨明細檔 ( 發票號碼 )  2014AR796 1030109 S00WCJ,Y
TRNDTLLC,已下載,LF,銷貨明細檔  2018AR00042 1071225 S00WCJ,Y
TRNDTLLD,已下載,LF,銷貨明細檔  1030604 S00WCJ,Y
TRNDTLLE,已下載,LF,銷貨明細檔 (LF0E) 1030619 S00WCJ,Y
TRNDTLLF,已下載,LF,銷貨明細檔  2014AR854  1030805 S00WCJ,Y
TRNDTLLG,已下載,LF,銷貨明細檔 ( 發票號碼 )  1041002 S00WCJ,Y
TRNDTLLL,已下載,LF,銷貨明細檔  1050901 S00WCJ,Y
TRNDTLLM,已下載,LF,銷貨明細檔  1070416 S00WCJ,Y
TRNDTLLN,已下載,LF,銷貨明細檔  1130327 S00WCJ,Y
TRNDTLL1,已下載,LF,應收帳款銷貨明細檔 (LF01),Y
TRNDTLL2,已下載,LF,銷貨明細檔 (LF02)( 發票號碼 ),Y
TRNDTLL3,已下載,LF,銷貨明細檔 (LF03)( 發票號碼 ),Y
TRNDTLL4,已下載,LF,銷貨明細檔 (LF04)( 訂單別 ),Y
TRNDTLL5,已下載,LF,銷貨明細檔 (LF05)( 訂單別 )  FOR DOWNLOAD,Y
TRNDTLL6,已下載,LF,銷貨明細檔 (LF06)( 訂單號碼 ),Y
TRNDTLL7,已下載,LF,銷貨明細檔 (LF07)( 訂單別 )  FOR DATAWAREHOUSE,Y
TRNDTLL8,已下載,LF,銷貨明細檔 (LF08)( 訂單別 ) 2010AR421 990520,Y
TRNDTLL9,已下載,LF,銷貨明細檔 (LF09)  Orno + Txar + Pdnm,Y
TRNDTLN,已下載,PF,應收帳款銷貨明細檔－暫存檔（新版發票開立用 110418,Y
TRNDTLOG,已下載,PF,應收帳款銷貨明細檔分攤鋼筋磅單錯誤 LOG 1051022,Y
TRNDTLW,已下載,PF,應收帳款銷貨明細檔－暫存檔 + TXHOLD 2015AR953,Y
TRNDTLX,已下載,PF,TRNDTL  中一正一負處理用  2015AR953 1040916,Y
TRNDTLXU,已下載,PF,應收帳款銷貨明細檔  2015AR900 擴檔過渡期用,Y
TRNDTLYY,已下載,LF,銷貨明細檔 (LF02)( 發票號碼 )  TRNDTL9401,Y
TRNDTLZ,已下載,PF,應收帳款銷貨明細檔─代開傳票用  2015AR953 1040916,Y
TRNDTLZZ,已下載,LF,銷貨明細檔 (LF03)( 發票號碼 )  TRNDTL9401,Y
TRNDTS,已下載,PF,應收帳款銷貨明細  鋼種尺寸記錄檔  2015AR94,Y
UENAPP,已下載,PF,新桃工程自用發票申請暫存檔  2017AR1116 1061208,Y
UENDTL,已下載,PF,新桃工程自用發票開立明細檔  2017AR1116 1061208,Y
UENDTLN,已下載,PF,工程自用開立明細檔－暫存檔（新桃開立用 2017AR1116,Y
UENMST,已下載,PF,新桃工程自用發票開立主檔  2017AR1116 1061208,Y
UENSEQ,已下載,PF,號碼順序檔－新桃,Y
WFILE1,已下載,PF,逾齡應收帳款檔,Y
WMST,已下載,PF,發票工作檔,Y
WTMASPJ1,已下載,LF,成品磅單檔 (JLF 廠區＋日期＋磅別＋序號 ) ARR069PT,Y
W1STWF,已下載,PF,應收帳款每月結帳資料,Y
W2STWF,已下載,PF,應收帳款每月結帳資料,Y
